id;jobId;campaignId;storeId;storeInstanceId;customerId;phoneNumber;scheduledAt;sendAt;status;message;response;createdAt;createdBy;updatedAt;updatedBy
1;431;9;LXK0A1;90242051;87;5541950675108;22/08/2025 21:36;22/08/2025 21:50;3;Odit voluptate culpa provident eaque neque.;;22/08/2025 20:36;novaesian;22/08/2025 21:50;da-matabarbara
2;293;81;FS26K9;02413422;100;5581931844709;29/09/2025 03:14;29/09/2025 03:53;2;Ullam iure nisi recusandae ex aspernatur.;Labore a consectetur.;29/09/2025 02:14;monteiroyasmin;29/09/2025 03:53;sousarafaela
3;362;15;BV62F5;62488544;182;5511914950463;14/10/2025 05:00;14/10/2025 06:00;3;Quo placeat alias neque unde.;Temporibus dolores esse quidem possimus aut.;14/10/2025 04:00;dcamara;14/10/2025 06:00;thomas29
4;450;53;MN55D3;47753449;96;5571903493579;03/11/2025 03:37;03/11/2025 03:47;4;Officia iure inventore provident quidem veritatis.;;03/11/2025 02:37;lavinia63;03/11/2025 03:47;gael-henrique92
5;155;39;QW77C2;11465025;29;5584937084738;10/11/2025 05:32;10/11/2025 05:50;5;Similique odio aperiam id perferendis quidem.;;10/11/2025 04:32;kgomes;10/11/2025 05:50;mmarques
6;468;5;ZP930B;89424041;114;5561919751974;12/11/2025 09:34;12/11/2025 10:28;2;Amet sit repellendus saepe cumque qui deserunt.;;12/11/2025 08:34;eda-mota;12/11/2025 10:28;ravy67
7;98;62;BV62F5;02729230;237;5561958849821;02/10/2025 08:32;02/10/2025 09:09;2;Aperiam incidunt nihil suscipit ut omnis.;;02/10/2025 07:32;kbrito;02/10/2025 09:09;diogo52
8;74;68;ZP930B;73794457;211;5571953031467;02/09/2025 06:53;02/09/2025 07:17;3;Eligendi nemo tempora nobis corrupti eaque molestiae.;;02/09/2025 05:53;ester82;02/09/2025 07:17;alexandrenogueira
9;106;67;LXK0A1;92423038;118;5584908414792;10/09/2025 12:36;10/09/2025 13:24;2;Provident provident id.;;10/09/2025 11:36;diastheo;10/09/2025 13:24;ndas-neves
10;160;67;LXK0A1;91365449;176;5571901243585;17/09/2025 10:35;17/09/2025 10:47;1;Vel atque reiciendis assumenda nam vel.;;17/09/2025 09:35;dandrade;17/09/2025 10:47;alexia94
11;456;12;LXK0A1;60012384;27;5511993957842;27/09/2025 11:16;27/09/2025 11:42;4;Accusamus dolorum a cumque ipsa.;;27/09/2025 10:16;aliceda-cunha;27/09/2025 11:42;nunesmanuela
12;12;85;FS26K9;45766339;195;5561960556360;07/09/2025 01:45;07/09/2025 02:37;3;Tempora facilis ea itaque quis earum fuga.;;07/09/2025 00:45;teixeiramaria-clara;07/09/2025 02:37;mariane03
13;99;27;AJ81E4;23968400;71;5581972412750;21/10/2025 13:37;21/10/2025 14:02;2;Nisi ratione repellat explicabo quo laudantium autem.;;21/10/2025 12:37;salesmarcela;21/10/2025 14:02;barbosajuliana
14;140;57;QW77C2;64385071;41;5581982932333;29/10/2025 07:03;29/10/2025 07:50;1;Facere nisi ad possimus et fugit.;Esse tempore qui doloribus.;29/10/2025 06:03;theocavalcante;29/10/2025 07:50;bsilva
15;264;2;ZP930B;97016121;53;5521906551036;16/10/2025 12:43;16/10/2025 13:27;5;Doloremque voluptatibus eos perspiciatis enim cum maxime.;;16/10/2025 11:43;pfonseca;16/10/2025 13:27;da-mataolivia
16;73;71;AJ81E4;49707603;147;5541979105305;11/11/2025 04:05;11/11/2025 04:30;3;Occaecati sint esse nemo officia accusantium.;Nam totam ipsum consectetur ex pariatur.;11/11/2025 03:05;silvaolivia;11/11/2025 04:30;pedro-lucasborges
17;457;10;BV62F5;18496150;139;5581985379928;29/09/2025 09:23;29/09/2025 09:47;5;Labore facere eveniet enim saepe.;;29/09/2025 08:23;correiavalentina;29/09/2025 09:47;kcarvalho
18;463;17;LXK0A1;56518548;28;5581944271511;01/10/2025 23:14;01/10/2025 23:20;4;Officiis molestias voluptatibus ullam porro.;;01/10/2025 22:14;manuela87;01/10/2025 23:20;paulolopes
19;92;12;FS26K9;92623587;229;5581961849052;06/10/2025 09:27;06/10/2025 09:59;4;Pariatur occaecati non repudiandae.;;06/10/2025 08:27;martinsisis;06/10/2025 09:59;xcavalcante
20;316;89;BV62F5;64416019;80;5541901993664;11/10/2025 04:15;11/10/2025 05:04;4;Vero non ad voluptatem.;;11/10/2025 03:15;davi-luizda-rocha;11/10/2025 05:04;da-cruzevelyn
21;415;26;ER35J8;73663301;21;5584937387309;01/11/2025 06:13;01/11/2025 07:03;6;Fuga impedit repellat maxime.;;01/11/2025 05:13;helenagarcia;01/11/2025 07:03;daniela95
22;48;60;DQ44H7;83799029;25;5531937156099;19/09/2025 00:56;19/09/2025 01:37;2;Dolores perspiciatis architecto ex.;;18/09/2025 23:56;ester65;19/09/2025 01:37;lcunha
23;393;88;DQ44H7;59099552;121;5551966458768;18/10/2025 19:40;18/10/2025 20:26;6;Atque voluptatum veritatis iste amet delectus.;Aut saepe repudiandae.;18/10/2025 18:40;fonsecavitor;18/10/2025 20:26;fernandeslaura
24;133;29;BV62F5;12806742;101;5584958171445;31/10/2025 00:45;31/10/2025 00:59;5;Quia repudiandae officia enim ratione.;Magni eveniet modi ad corrupti.;30/10/2025 23:45;yvieira;31/10/2025 00:59;sophiemacedo
25;233;86;DQ44H7;95120376;8;5571911706584;15/10/2025 23:34;16/10/2025 00:00;3;Unde occaecati dolore aperiam eius placeat ducimus nesciunt.;Mollitia dolor labore animi in molestias.;15/10/2025 22:34;melodavi;16/10/2025 00:00;martinscaroline
26;237;15;QW77C2;33748947;73;5581939248915;01/10/2025 11:13;01/10/2025 11:40;4;Deserunt blanditiis maiores aspernatur.;;01/10/2025 10:13;caldeirajade;01/10/2025 11:40;da-motajuliana
27;261;78;ZP930B;30302063;104;5581963724213;31/08/2025 01:19;31/08/2025 02:00;2;Molestiae dolores quisquam labore sit.;;31/08/2025 00:19;wcasa-grande;31/08/2025 02:00;dcarvalho
28;333;14;ZP930B;25486205;203;5531962547738;13/10/2025 20:32;13/10/2025 20:57;5;Tenetur at animi delectus.;;13/10/2025 19:32;davi29;13/10/2025 20:57;enzo69
29;212;60;MN55D3;34720180;159;5584957789557;08/09/2025 19:11;08/09/2025 19:41;5;Optio quis animi nostrum quam.;Tempora occaecati fugit voluptates perferendis occaecati doloribus.;08/09/2025 18:11;sousacaue;08/09/2025 19:41;manuela43
30;34;21;BV62F5;17298827;54;5561969403571;05/09/2025 22:01;05/09/2025 22:36;4;Odit fugiat reprehenderit esse.;;05/09/2025 21:01;melina40;05/09/2025 22:36;joao-pedro36
31;291;76;BV62F5;00556804;140;5511925659182;24/09/2025 06:00;24/09/2025 06:32;4;Provident consequatur illum.;;24/09/2025 05:00;pachecosophia;24/09/2025 06:32;odas-neves
32;40;23;FS26K9;94486882;215;5511960329422;01/10/2025 20:11;01/10/2025 20:58;6;Recusandae repudiandae facere ducimus.;;01/10/2025 19:11;nascimentohenry-gabriel;01/10/2025 20:58;zvasconcelos
33;167;76;ER35J8;52942540;25;5584946342667;01/10/2025 07:36;01/10/2025 08:19;4;Sit excepturi perferendis pariatur corrupti occaecati.;;01/10/2025 06:36;viniciusguerra;01/10/2025 08:19;nascimentorodrigo
34;36;23;FS26K9;22361755;28;5541974800952;24/08/2025 00:57;24/08/2025 01:21;4;Possimus fugiat ab alias laudantium optio vero nam.;;23/08/2025 23:57;apimenta;24/08/2025 01:21;nogueiraesther
35;168;77;DQ44H7;34210926;166;5581971975566;23/09/2025 09:36;23/09/2025 10:30;4;Exercitationem ullam molestias deserunt nobis.;;23/09/2025 08:36;tmarques;23/09/2025 10:30;xcassiano
36;455;12;FS26K9;44448559;232;5571967570951;09/11/2025 15:13;09/11/2025 15:31;2;Necessitatibus laborum fuga sequi saepe vero repellendus.;;09/11/2025 14:13;juliana82;09/11/2025 15:31;fonsecamaria-eduarda
37;339;1;QW77C2;10814583;116;5561916063618;15/09/2025 04:30;15/09/2025 05:23;2;Voluptate est veritatis officiis quisquam eos saepe.;;15/09/2025 03:30;portopedro-miguel;15/09/2025 05:23;lara27
38;229;50;MN55D3;65756424;53;5541900451151;05/09/2025 18:41;05/09/2025 19:25;5;Nam at minus odio minus fugit.;;05/09/2025 17:41;jlima;05/09/2025 19:25;cpinto
39;407;41;AJ81E4;02658789;236;5561909136613;20/08/2025 02:47;20/08/2025 03:11;5;Nemo eaque commodi expedita.;;20/08/2025 01:47;monteiroana;20/08/2025 03:11;rochamaria-luisa
40;46;56;FS26K9;37311624;3;5511952452887;12/09/2025 23:10;13/09/2025 00:00;3;Facere quasi magni facilis aliquam.;;12/09/2025 22:10;lmacedo;13/09/2025 00:00;luiz-otavio53
41;437;66;AJ81E4;55212121;16;5531967100383;16/09/2025 23:23;16/09/2025 23:53;2;Itaque quas nulla delectus repellat.;;16/09/2025 22:23;kcorreia;16/09/2025 23:53;marcos-viniciusrezende
42;361;71;ER35J8;78898014;211;5551947737316;14/10/2025 16:14;14/10/2025 16:22;1;Eveniet veritatis dolorum at neque quam earum.;;14/10/2025 15:14;leaomaria-liz;14/10/2025 16:22;kpastor
43;444;15;LXK0A1;75047103;61;5551968328854;31/10/2025 16:33;31/10/2025 17:33;3;Voluptatibus doloremque aliquid inventore et iure at.;;31/10/2025 15:33;vmelo;31/10/2025 17:33;usampaio
44;163;76;CP53G6;27677941;104;5581904510388;07/11/2025 15:36;07/11/2025 16:06;6;Iusto modi necessitatibus ex illum.;;07/11/2025 14:36;limaelisa;07/11/2025 16:06;ryancamargo
45;89;70;DQ44H7;65479407;36;5561928822321;22/10/2025 13:42;22/10/2025 14:00;6;Inventore quibusdam quia aliquid quo.;Reprehenderit in at.;22/10/2025 12:42;brenda54;22/10/2025 14:00;antonio26
46;431;50;CP53G6;74516148;40;5541901991549;28/09/2025 04:52;28/09/2025 05:50;3;Ad eaque voluptates maiores asperiores consequuntur sint.;Ut aut dignissimos explicabo tempore quod.;28/09/2025 03:52;almeidacaua;28/09/2025 05:50;guerracalebe
47;6;86;ZP930B;15060838;166;5581907346752;03/11/2025 08:20;03/11/2025 08:33;2;Consequatur placeat aperiam adipisci.;Labore occaecati explicabo expedita ad.;03/11/2025 07:20;nataliada-cruz;03/11/2025 08:33;enzo-gabrielpastor
48;500;63;QW77C2;62856019;22;5531974374120;05/09/2025 08:44;05/09/2025 09:31;4;Dolore nisi nihil.;Impedit rem accusantium laudantium nulla.;05/09/2025 07:44;gaelnunes;05/09/2025 09:31;giovannanunes
49;458;54;FS26K9;28101989;239;5541905674642;05/11/2025 15:43;05/11/2025 16:43;4;At soluta veniam quasi.;;05/11/2025 14:43;luiz-migueloliveira;05/11/2025 16:43;lcostela
50;218;24;ER35J8;84354634;210;5551945167673;10/10/2025 04:50;10/10/2025 05:24;5;Rem harum ratione deleniti.;;10/10/2025 03:50;lucca95;10/10/2025 05:24;fogacaemanuella
51;218;46;FS26K9;19203765;2;5584950355520;09/11/2025 19:00;09/11/2025 19:19;2;Repellat officiis tenetur tempora iste deserunt.;;09/11/2025 18:00;martinsanthony;09/11/2025 19:19;usilveira
52;138;31;CP53G6;29815254;238;5551915380550;02/10/2025 16:54;02/10/2025 17:44;5;Facere aliquid saepe amet delectus earum.;;02/10/2025 15:54;maria-floroliveira;02/10/2025 17:44;gabrielly35
53;291;47;DQ44H7;62247246;181;5584933437346;25/10/2025 09:42;25/10/2025 09:49;1;Saepe ex sequi dignissimos.;;25/10/2025 08:42;lavinialeao;25/10/2025 09:49;gteixeira
54;41;75;QW77C2;77850152;187;5571945251147;14/10/2025 02:46;14/10/2025 03:21;6;Veritatis sunt delectus sequi iure voluptate error.;;14/10/2025 01:46;danielanascimento;14/10/2025 03:21;ddias
55;41;36;ER35J8;26668614;228;5561933554976;12/10/2025 13:18;12/10/2025 13:52;5;Quibusdam maiores consequatur.;;12/10/2025 12:18;leticiadias;12/10/2025 13:52;brenorodrigues
56;380;32;ZP930B;36618589;176;5571987811898;30/09/2025 05:56;30/09/2025 06:31;6;Officia atque dicta.;;30/09/2025 04:56;jesusjoao-gabriel;30/09/2025 06:31;andradevalentina
57;28;75;BV62F5;99270562;137;5541918690149;16/10/2025 07:19;16/10/2025 07:43;5;Suscipit mollitia dignissimos error optio est temporibus.;;16/10/2025 06:19;da-costaisadora;16/10/2025 07:43;mendesthomas
58;464;61;DQ44H7;55266411;147;5571915916193;15/09/2025 17:19;15/09/2025 17:53;5;Accusamus dolorum numquam maxime tenetur.;;15/09/2025 16:19;matheussousa;15/09/2025 17:53;raulviana
59;149;54;QW77C2;21071649;10;5541960688705;13/09/2025 18:02;13/09/2025 18:29;3;Vitae illo magni illum.;;13/09/2025 17:02;jesusbenicio;13/09/2025 18:29;hmacedo
60;373;77;FS26K9;97464725;67;5561959926844;30/09/2025 19:35;30/09/2025 20:27;3;Alias sunt rerum saepe.;Eaque qui quibusdam vitae exercitationem omnis.;30/09/2025 18:35;breno82;30/09/2025 20:27;gda-rosa
61;294;61;LXK0A1;57112465;169;5584903796749;05/11/2025 07:02;05/11/2025 07:44;2;Harum placeat porro culpa sed quas.;;05/11/2025 06:02;novaisvinicius;05/11/2025 07:44;ramosbella
62;249;80;ZP930B;79815724;33;5584922509714;25/08/2025 12:23;25/08/2025 12:29;3;Accusamus doloremque est aliquid qui dicta.;;25/08/2025 11:23;lunna13;25/08/2025 12:29;tnovais
63;316;36;AJ81E4;97423133;71;5521958903139;30/10/2025 17:31;30/10/2025 17:52;2;Officia odit omnis accusamus facere amet alias.;;30/10/2025 16:31;isilva;30/10/2025 17:52;aurora41
64;310;2;QW77C2;20659772;233;5521930888224;02/11/2025 03:40;02/11/2025 04:32;1;Occaecati quod nemo at rem.;;02/11/2025 02:40;daniel95;02/11/2025 04:32;gustavo-henrique58
65;190;20;QW77C2;08546334;67;5571927623243;05/09/2025 18:39;05/09/2025 19:26;4;Magnam tenetur sit nam minus occaecati culpa.;;05/09/2025 17:39;tcampos;05/09/2025 19:26;joana64
66;410;31;ER35J8;40712741;221;5521934178159;10/11/2025 02:04;10/11/2025 02:40;2;Esse totam itaque laboriosam tempore itaque.;Libero exercitationem odit fuga deserunt consequatur.;10/11/2025 01:04;gael-henriquefogaca;10/11/2025 02:40;kda-conceicao
67;479;11;QW77C2;38639408;215;5584978391145;28/10/2025 18:41;28/10/2025 18:55;5;Impedit iste eveniet odio.;;28/10/2025 17:41;leo93;28/10/2025 18:55;emanuellymontenegro
68;122;53;DQ44H7;01823905;186;5541974285383;09/10/2025 19:09;09/10/2025 20:03;4;Quasi possimus ex quis eligendi id.;;09/10/2025 18:09;vicentedias;09/10/2025 20:03;valentina75
69;432;27;BV62F5;07224006;14;5571968624336;20/10/2025 10:04;20/10/2025 10:45;6;Doloremque repellat aut.;;20/10/2025 09:04;luigi84;20/10/2025 10:45;eduarda50
70;238;15;CP53G6;89098559;122;5571968891091;10/09/2025 16:49;10/09/2025 16:57;2;Suscipit aliquam commodi laboriosam.;;10/09/2025 15:49;barrosmelina;10/09/2025 16:57;josecaldeira
71;350;69;CP53G6;88655340;122;5551938959340;24/08/2025 10:15;24/08/2025 10:34;4;Illo omnis cumque nam libero.;Impedit veritatis ratione minima quaerat delectus maiores.;24/08/2025 09:15;rezendepedro-henrique;24/08/2025 10:34;bryanaparecida
72;7;68;AJ81E4;61347666;238;5521933522355;29/09/2025 11:03;29/09/2025 12:03;4;Doloribus in corporis neque vero totam.;;29/09/2025 10:03;milenacostela;29/09/2025 12:03;raelmendes
73;493;49;ER35J8;17707567;175;5561966376201;24/09/2025 02:15;24/09/2025 03:03;3;Neque veritatis cumque distinctio.;;24/09/2025 01:15;theo03;24/09/2025 03:03;ian29
74;182;13;CP53G6;25752987;157;5571918725988;04/11/2025 13:26;04/11/2025 14:05;6;Doloribus molestias veniam a.;;04/11/2025 12:26;bda-luz;04/11/2025 14:05;leaoarthur-miguel
75;137;35;ZP930B;99557840;66;5561948696852;23/08/2025 07:37;23/08/2025 08:03;3;Officia ea amet incidunt amet.;;23/08/2025 06:37;mbarros;23/08/2025 08:03;oliviapastor
76;384;51;MN55D3;47513526;188;5511916665157;06/10/2025 20:42;06/10/2025 21:16;6;Itaque iste nobis voluptate.;;06/10/2025 19:42;ana-beatrizferreira;06/10/2025 21:16;icassiano
77;347;25;QW77C2;19598978;81;5581990793417;19/09/2025 20:45;19/09/2025 21:23;3;Doloribus eligendi quisquam quasi a.;;19/09/2025 19:45;joao-guilherme59;19/09/2025 21:23;mariana09
78;7;87;CP53G6;99701233;26;5541998481001;18/08/2025 01:45;18/08/2025 01:50;1;Assumenda quam asperiores debitis ullam.;;18/08/2025 00:45;npimenta;18/08/2025 01:50;boliveira
79;113;88;AJ81E4;46677829;65;5584977036715;01/11/2025 15:42;01/11/2025 16:15;3;Accusamus iste sapiente reprehenderit.;Earum voluptate nostrum aliquid ipsam.;01/11/2025 14:42;vicente31;01/11/2025 16:15;gustavo53
80;30;4;FS26K9;31457171;169;5581927256706;22/08/2025 12:14;22/08/2025 12:58;1;Voluptatem amet minus excepturi provident.;;22/08/2025 11:14;giovanna65;22/08/2025 12:58;benjamim62
81;63;28;ZP930B;56417148;23;5561995944259;10/11/2025 20:43;10/11/2025 21:26;6;Ab quasi perspiciatis tenetur cum.;;10/11/2025 19:43;macedoana-julia;10/11/2025 21:26;silveiramiguel
82;392;17;FS26K9;55765646;206;5541904519148;19/10/2025 07:45;19/10/2025 08:14;6;Voluptatum ipsam odio eos dolorum.;;19/10/2025 06:45;caiovieira;19/10/2025 08:14;jose70
83;130;15;AJ81E4;45078313;120;5521978194033;11/09/2025 04:54;11/09/2025 05:43;2;Cupiditate libero at soluta totam ad similique alias.;;11/09/2025 03:54;gda-cunha;11/09/2025 05:43;tguerra
84;473;10;AJ81E4;07646669;197;5551963222131;10/09/2025 01:03;10/09/2025 01:48;4;Deserunt numquam cum veritatis nisi iste in.;;10/09/2025 00:03;duartebryan;10/09/2025 01:48;nathan59
85;132;86;QW77C2;50593722;200;5521949237933;19/08/2025 04:26;19/08/2025 05:20;3;Blanditiis eius delectus itaque ducimus explicabo ullam accusamus.;Excepturi porro optio fuga alias repellat autem sapiente.;19/08/2025 03:26;esthermachado;19/08/2025 05:20;miguelfogaca
86;171;8;LXK0A1;33881216;67;5511999990225;08/10/2025 06:31;08/10/2025 07:00;4;Velit nam autem voluptas vitae tempora omnis iure.;;08/10/2025 05:31;das-neveslorena;08/10/2025 07:00;mirella64
87;36;34;DQ44H7;85054587;238;5541920913555;08/09/2025 18:13;08/09/2025 18:29;4;Minus voluptates voluptates assumenda quam.;Illum officiis eaque repudiandae dolorum ea ab.;08/09/2025 17:13;danteviana;08/09/2025 18:29;aparecidaluiz-gustavo
88;252;51;ZP930B;15688500;37;5584940264596;17/09/2025 17:13;17/09/2025 17:29;6;Officiis corrupti ducimus.;;17/09/2025 16:13;tjesus;17/09/2025 17:29;leaovinicius
89;330;56;ZP930B;64790235;234;5541988233852;03/11/2025 21:40;03/11/2025 21:58;5;Iusto ea eveniet inventore rerum illo at.;;03/11/2025 20:40;lbrito;03/11/2025 21:58;barrosmaya
90;38;34;ZP930B;51624484;147;5531992728840;09/09/2025 22:31;09/09/2025 22:42;1;Expedita ad natus cum.;;09/09/2025 21:31;lucas-gabrielalbuquerque;09/09/2025 22:42;ravi07
91;77;58;LXK0A1;53965993;239;5551944821880;25/10/2025 17:00;25/10/2025 17:06;4;Ratione vitae fugiat quisquam nam.;Exercitationem maiores molestiae delectus magnam saepe non iure.;25/10/2025 16:00;bellamacedo;25/10/2025 17:06;correiamaria-luiza
92;359;50;BV62F5;75867513;232;5584909265421;28/09/2025 13:00;28/09/2025 13:22;2;Necessitatibus culpa ex totam accusamus.;;28/09/2025 12:00;alexiacavalcanti;28/09/2025 13:22;da-cunhadaniela
93;482;1;DQ44H7;54615105;123;5541919604961;09/10/2025 07:27;09/10/2025 08:04;6;Nulla nesciunt voluptates quasi reiciendis quis.;;09/10/2025 06:27;pereiraisadora;09/10/2025 08:04;ana-sophiamelo
94;2;9;CP53G6;30957484;245;5571971487897;24/08/2025 23:29;25/08/2025 00:08;2;Hic et occaecati delectus sequi temporibus natus.;;24/08/2025 22:29;arthur91;25/08/2025 00:08;eferreira
95;275;62;BV62F5;56583187;86;5521978196912;29/08/2025 02:59;29/08/2025 03:11;5;Magnam pariatur occaecati molestiae non quibusdam.;;29/08/2025 01:59;theocardoso;29/08/2025 03:11;montenegromaite
96;491;52;ZP930B;79081959;94;5581915485020;02/11/2025 00:01;02/11/2025 00:09;6;Voluptates sed quibusdam error.;;01/11/2025 23:01;mmoreira;02/11/2025 00:09;jguerra
97;390;44;AJ81E4;51255468;166;5541951449215;01/10/2025 08:56;01/10/2025 09:06;4;Quibusdam impedit illum nemo quibusdam consectetur modi quo.;Doloremque occaecati ratione reiciendis temporibus qui.;01/10/2025 07:56;aduarte;01/10/2025 09:06;xpires
98;339;71;MN55D3;40802192;77;5511922595828;22/09/2025 21:15;22/09/2025 21:22;4;Facere maxime recusandae.;;22/09/2025 20:15;hsilveira;22/09/2025 21:22;isaacaragao
99;184;14;DQ44H7;03298654;22;5584911842706;17/08/2025 16:17;17/08/2025 17:02;6;Corrupti sit incidunt assumenda consectetur.;;17/08/2025 15:17;aragaobruna;17/08/2025 17:02;ralmeida
100;72;57;LXK0A1;23556736;50;5584974940828;22/09/2025 23:26;23/09/2025 00:18;2;Dolor dolores dolores iste animi consectetur.;Aspernatur earum repellendus magni accusamus.;22/09/2025 22:26;vargasjose-miguel;23/09/2025 00:18;bvieira
101;200;76;ZP930B;21146022;203;5561961540441;08/09/2025 21:42;08/09/2025 22:02;4;Molestias blanditiis blanditiis quae mollitia.;;08/09/2025 20:42;zpires;08/09/2025 22:02;melissa59
102;495;40;DQ44H7;33082270;248;5551904634190;17/08/2025 21:28;17/08/2025 22:04;5;Architecto laudantium dicta sapiente.;;17/08/2025 20:28;umachado;17/08/2025 22:04;erickbarros
103;173;5;LXK0A1;19484856;104;5541927690008;09/11/2025 13:38;09/11/2025 14:04;1;Quidem cumque atque dolore culpa saepe.;Similique tempora autem eveniet repudiandae eveniet eius.;09/11/2025 12:38;ana-liz18;09/11/2025 14:04;ana-julia49
104;235;84;ER35J8;03744227;39;5511999099522;09/11/2025 13:38;09/11/2025 14:25;5;Repellat aliquid perferendis delectus.;;09/11/2025 12:38;ribeirobenicio;09/11/2025 14:25;yrodrigues
105;377;30;QW77C2;66145034;126;5521927519320;24/10/2025 06:53;24/10/2025 07:02;1;Doloribus architecto eaque hic officia expedita.;;24/10/2025 05:53;leticia71;24/10/2025 07:02;hda-cruz
106;125;61;QW77C2;03217089;4;5561926532383;22/09/2025 09:05;22/09/2025 09:49;1;Explicabo perferendis quam aspernatur animi sunt et error.;Aliquam ad aliquid velit iusto labore.;22/09/2025 08:05;gcavalcante;22/09/2025 09:49;teixeiraheitor
107;234;7;FS26K9;89777388;44;5561970296496;06/10/2025 13:18;06/10/2025 13:42;1;Id possimus tempora assumenda sed modi.;;06/10/2025 12:18;danilo36;06/10/2025 13:42;agatha61
108;59;9;DQ44H7;53062341;153;5521985743365;26/08/2025 05:33;26/08/2025 06:30;1;Placeat delectus explicabo quia blanditiis.;;26/08/2025 04:33;mouraamanda;26/08/2025 06:30;ddias
109;219;29;BV62F5;83871847;208;5521963575976;23/10/2025 04:28;23/10/2025 04:37;2;Porro dicta pariatur modi recusandae iste.;;23/10/2025 03:28;henry-gabrielgarcia;23/10/2025 04:37;cardosoluiz-felipe
110;62;87;FS26K9;79580870;140;5521906601313;17/09/2025 02:42;17/09/2025 03:12;3;Sequi voluptatem voluptates.;Dolor delectus ex quasi dicta quibusdam possimus corporis.;17/09/2025 01:42;daniellopes;17/09/2025 03:12;caleb42
111;304;28;QW77C2;29404912;86;5541947311941;09/10/2025 15:59;09/10/2025 16:52;1;Dolore repellendus qui magni eveniet voluptates.;Omnis neque aut voluptates cumque.;09/10/2025 14:59;vargasrebeca;09/10/2025 16:52;rochakamilly
112;87;36;BV62F5;04812761;142;5551933023012;02/10/2025 19:34;02/10/2025 19:48;4;Reprehenderit eaque esse.;Reiciendis quia odit est quisquam ut illo.;02/10/2025 18:34;araujofelipe;02/10/2025 19:48;paulo48
113;69;32;ZP930B;13844305;203;5584966415637;27/08/2025 06:36;27/08/2025 07:18;1;Accusamus dolores unde iure sapiente.;;27/08/2025 05:36;joao-gabriel76;27/08/2025 07:18;lara82
114;9;79;DQ44H7;48118775;21;5531930044444;11/10/2025 18:59;11/10/2025 19:28;2;Quidem ab minima doloribus accusamus porro ratione iusto.;Consequuntur repellat quae possimus.;11/10/2025 17:59;arthur-gabriel12;11/10/2025 19:28;joao41
115;334;23;FS26K9;84062266;228;5551934236346;08/11/2025 03:51;08/11/2025 04:01;6;Atque sint illum quis.;Exercitationem aspernatur vero odio corrupti exercitationem.;08/11/2025 02:51;irios;08/11/2025 04:01;jmendes
116;355;89;QW77C2;95590716;53;5561939567591;22/10/2025 13:21;22/10/2025 14:17;4;Ipsa architecto quo culpa quidem fugit.;Incidunt quis repellat dicta non mollitia.;22/10/2025 12:21;costaana-luiza;22/10/2025 14:17;cnovaes
117;211;35;MN55D3;09898945;241;5551990903445;09/09/2025 13:35;09/09/2025 14:13;4;Iusto at assumenda voluptatem.;Adipisci ratione laboriosam neque eveniet.;09/09/2025 12:35;eda-paz;09/09/2025 14:13;ana-laura53
118;93;89;DQ44H7;55278864;157;5584942739317;14/09/2025 03:16;14/09/2025 03:23;5;Quidem reprehenderit unde consequatur porro possimus.;;14/09/2025 02:16;mariane50;14/09/2025 03:23;joao-miguel12
119;179;81;CP53G6;63434823;2;5531942505821;18/08/2025 22:06;18/08/2025 23:03;3;Quod cupiditate magni ullam rem a.;;18/08/2025 21:06;alexandre30;18/08/2025 23:03;ucavalcanti
120;49;25;FS26K9;13341328;93;5531974712282;30/08/2025 20:39;30/08/2025 20:51;5;Eligendi saepe perferendis iure cumque.;;30/08/2025 19:39;mda-mota;30/08/2025 20:51;emillyviana
121;238;70;MN55D3;15386868;71;5571985340029;05/11/2025 13:11;05/11/2025 13:48;2;Deserunt id architecto.;Ea quibusdam accusamus sed.;05/11/2025 12:11;ottogarcia;05/11/2025 13:48;isabellamontenegro
122;351;15;DQ44H7;05724891;128;5561926872303;07/09/2025 21:09;07/09/2025 22:04;2;Nostrum quas quia nostrum nesciunt dicta.;Pariatur voluptate quasi quis dolores.;07/09/2025 20:09;samuelteixeira;07/09/2025 22:04;snascimento
123;331;86;BV62F5;96189082;73;5541928702127;30/08/2025 09:31;30/08/2025 09:38;1;Laborum qui numquam.;Totam porro voluptate a.;30/08/2025 08:31;marianecamara;30/08/2025 09:38;fonsecahadassa
124;413;33;DQ44H7;41685916;12;5511915450931;21/09/2025 18:18;21/09/2025 18:44;5;Dicta ad a cumque.;Veritatis corrupti cum sapiente sit.;21/09/2025 17:18;ocunha;21/09/2025 18:44;caue80
125;81;7;LXK0A1;94583062;125;5581958346724;08/10/2025 01:47;08/10/2025 02:26;2;Minima molestiae tempore dicta tempore autem fuga.;;08/10/2025 00:47;andreda-cruz;08/10/2025 02:26;danielapimenta
126;228;10;FS26K9;97003440;149;5551913391052;12/11/2025 05:22;12/11/2025 05:42;6;Quisquam ad facere similique commodi mollitia perspiciatis.;;12/11/2025 04:22;heloisa39;12/11/2025 05:42;carvalholunna
127;460;26;BV62F5;78481330;59;5511993586996;02/11/2025 18:11;02/11/2025 19:03;6;Ipsum quibusdam numquam deleniti magni odit.;;02/11/2025 17:11;vasconcelosisabel;02/11/2025 19:03;bpastor
128;122;42;CP53G6;81583152;223;5584992517177;07/10/2025 21:33;07/10/2025 21:52;1;Ea ab soluta id accusamus.;Aliquam pariatur dolore unde.;07/10/2025 20:33;ian25;07/10/2025 21:52;fernandocirino
129;300;29;DQ44H7;09443875;14;5571994104080;09/11/2025 13:59;09/11/2025 14:08;4;Inventore omnis deserunt.;;09/11/2025 12:59;vieirabrenda;09/11/2025 14:08;costelaarthur-miguel
130;233;19;QW77C2;81893030;100;5541977106604;25/09/2025 16:26;25/09/2025 16:44;5;Dolorum ab ipsam dolorum nam nostrum.;;25/09/2025 15:26;ester35;25/09/2025 16:44;eloahmoura
131;324;59;BV62F5;84996313;250;5571963014324;31/08/2025 02:21;31/08/2025 03:12;2;A possimus necessitatibus ratione ut deleniti deleniti.;A esse accusamus ea.;31/08/2025 01:21;ravylopes;31/08/2025 03:12;cecilia77
132;355;43;FS26K9;14854374;16;5561992144546;12/11/2025 03:37;12/11/2025 03:50;1;Odio reprehenderit assumenda illo sed provident quidem et.;Ad accusantium unde.;12/11/2025 02:37;ravi13;12/11/2025 03:50;meloluiz-otavio
133;235;15;CP53G6;84486608;44;5531953845460;06/09/2025 20:14;06/09/2025 21:13;4;Eum praesentium cumque alias.;;06/09/2025 19:14;osiqueira;06/09/2025 21:13;usilveira
134;81;29;FS26K9;68701373;232;5561985266836;09/09/2025 23:59;10/09/2025 00:22;5;Doloremque distinctio ullam voluptatem quia praesentium pariatur.;Laudantium tempore ipsam ducimus.;09/09/2025 22:59;limavitoria;10/09/2025 00:22;sofia20
135;45;71;CP53G6;20583620;220;5584934673992;14/08/2025 21:29;14/08/2025 22:28;2;Praesentium praesentium illo quae quasi magnam fuga magnam.;;14/08/2025 20:29;pedro-lucas88;14/08/2025 22:28;pedro17
136;429;28;DQ44H7;25026623;72;5531902070184;21/10/2025 18:01;21/10/2025 18:43;4;Natus eius nobis velit sunt distinctio hic.;Ducimus asperiores quae.;21/10/2025 17:01;andradehenrique;21/10/2025 18:43;fernandada-conceicao
137;127;55;BV62F5;28808683;112;5521931105668;27/10/2025 23:23;28/10/2025 00:15;2;Sapiente ab consectetur quam.;;27/10/2025 22:23;pedro-miguelda-paz;28/10/2025 00:15;camaramariane
138;460;76;LXK0A1;47400522;107;5571937763108;11/11/2025 05:19;11/11/2025 05:33;5;Asperiores eaque provident quos hic.;;11/11/2025 04:19;nathan66;11/11/2025 05:33;kamillycardoso
139;394;6;ER35J8;49345646;9;5561928012866;06/09/2025 00:55;06/09/2025 01:30;6;Dolores eveniet iure distinctio assumenda.;;05/09/2025 23:55;araujojuliana;06/09/2025 01:30;aurorapastor
140;421;51;ZP930B;08407324;116;5511979018200;21/08/2025 06:27;21/08/2025 07:02;6;Ullam laboriosam laudantium commodi iure facilis itaque.;;21/08/2025 05:27;maria-juliaporto;21/08/2025 07:02;fonsecaluana
141;355;11;CP53G6;75504656;244;5511976372280;19/08/2025 05:45;19/08/2025 06:25;1;Iste consectetur quisquam commodi unde.;Dolorem dolore nobis molestiae ab iste eligendi quae.;19/08/2025 04:45;maite71;19/08/2025 06:25;gbarbosa
142;332;46;ZP930B;80171375;5;5561901059118;22/09/2025 07:40;22/09/2025 08:03;2;Necessitatibus ut eum unde deleniti quod omnis facere.;;22/09/2025 06:40;lunaborges;22/09/2025 08:03;britorafael
143;236;40;FS26K9;26378155;192;5521949065019;26/08/2025 17:34;26/08/2025 17:49;6;Nam eveniet rerum quia aliquam modi atque.;;26/08/2025 16:34;fcirino;26/08/2025 17:49;pirespietro
144;448;59;CP53G6;09684871;48;5561953389294;11/10/2025 04:33;11/10/2025 05:07;2;Voluptatibus incidunt harum nisi ea autem.;;11/10/2025 03:33;andresantos;11/10/2025 05:07;mmartins
145;361;48;LXK0A1;69099147;221;5561973739986;05/10/2025 10:49;05/10/2025 11:34;4;Perspiciatis nemo accusantium quo.;;05/10/2025 09:49;estherlopes;05/10/2025 11:34;claralima
146;272;50;LXK0A1;42099127;76;5581983399577;24/10/2025 03:55;24/10/2025 04:44;3;Saepe cum totam fuga architecto.;;24/10/2025 02:55;costelamariana;24/10/2025 04:44;das-nevesrenan
147;278;35;FS26K9;14211396;204;5581918677369;17/10/2025 21:52;17/10/2025 22:41;5;Dignissimos numquam cupiditate.;Laborum hic repudiandae facilis temporibus.;17/10/2025 20:52;liammonteiro;17/10/2025 22:41;liam26
148;451;88;BV62F5;95029113;189;5541942307226;16/09/2025 23:58;17/09/2025 00:08;5;Cumque qui error nisi.;;16/09/2025 22:58;marcos-viniciusnovaes;17/09/2025 00:08;alicia80
149;455;66;LXK0A1;92043456;29;5521918630463;09/11/2025 10:45;09/11/2025 11:33;3;Sapiente magnam assumenda qui deleniti dolore unde.;;09/11/2025 09:45;macedoenrico;09/11/2025 11:33;limapedro-lucas
150;188;60;BV62F5;63668706;45;5584941623185;12/11/2025 11:56;12/11/2025 12:40;1;Quibusdam non qui harum omnis.;;12/11/2025 10:56;spacheco;12/11/2025 12:40;csales
151;397;9;MN55D3;94240889;36;5584940432959;11/10/2025 02:53;11/10/2025 03:33;6;Facilis reprehenderit error repellat odio doloremque et mollitia.;;11/10/2025 01:53;abreuvalentim;11/10/2025 03:33;da-pazdaniela
152;333;31;DQ44H7;41912064;189;5541921788952;20/10/2025 04:00;20/10/2025 04:39;1;Adipisci temporibus accusamus error quidem ducimus.;;20/10/2025 03:00;leonardo23;20/10/2025 04:39;rochaclara
153;108;75;MN55D3;01646932;83;5571983302892;05/11/2025 12:39;05/11/2025 13:39;6;Aperiam culpa ullam accusamus ipsa et debitis.;;05/11/2025 11:39;matteo70;05/11/2025 13:39;da-rosaliz
154;217;35;AJ81E4;25495968;14;5511946188566;20/08/2025 23:58;21/08/2025 00:35;6;Beatae sed distinctio illum error placeat recusandae.;Earum placeat ut quas sit facilis quidem provident.;20/08/2025 22:58;jose-miguelrezende;21/08/2025 00:35;caio96
155;257;45;ER35J8;93764340;213;5581956191935;25/08/2025 21:52;25/08/2025 22:25;4;Omnis provident similique mollitia.;Odio laboriosam tempore.;25/08/2025 20:52;maria99;25/08/2025 22:25;cecilia05
156;461;69;AJ81E4;13345975;116;5571940484061;07/11/2025 21:35;07/11/2025 22:23;5;Accusamus architecto praesentium perferendis error.;;07/11/2025 20:35;joao-vitorrocha;07/11/2025 22:23;montenegromanuella
157;97;87;DQ44H7;36364529;23;5584994299958;16/10/2025 11:38;16/10/2025 12:27;1;Ratione molestias excepturi temporibus inventore officiis.;Praesentium optio sint quod similique rerum tempore.;16/10/2025 10:38;nunescamila;16/10/2025 12:27;rebeca31
158;56;23;QW77C2;11148273;71;5581973793923;28/10/2025 23:25;28/10/2025 23:48;1;Non blanditiis ipsum aspernatur dolor.;Nam praesentium corrupti.;28/10/2025 22:25;novaesjoana;28/10/2025 23:48;da-pazcatarina
159;448;19;MN55D3;76783395;134;5571902181171;05/10/2025 01:26;05/10/2025 02:02;2;Similique facere necessitatibus quam eos dolores quisquam dolore.;;05/10/2025 00:26;ucasa-grande;05/10/2025 02:02;esther97
160;497;3;ER35J8;57395466;239;5551967495344;16/10/2025 06:29;16/10/2025 06:52;4;Explicabo necessitatibus facere consequuntur.;Ducimus corrupti et inventore.;16/10/2025 05:29;gomesandre;16/10/2025 06:52;luiz-henrique30
161;378;45;LXK0A1;83663929;75;5531943951992;01/11/2025 04:50;01/11/2025 05:21;4;Officiis sapiente dolores suscipit.;Fugit consequuntur sunt adipisci nam perferendis quia.;01/11/2025 03:50;egomes;01/11/2025 05:21;dom37
162;428;3;ER35J8;87849714;166;5531999477883;25/09/2025 03:52;25/09/2025 04:52;2;Omnis fuga debitis natus odio.;;25/09/2025 02:52;pereiraemanuel;25/09/2025 04:52;mferreira
163;331;75;BV62F5;44633684;125;5581900473425;11/10/2025 22:03;11/10/2025 22:29;6;Soluta veritatis quam eaque praesentium.;;11/10/2025 21:03;barbaradas-neves;11/10/2025 22:29;rocharafael
164;228;90;DQ44H7;32218505;78;5584937498697;06/11/2025 04:44;06/11/2025 05:22;5;Ea accusamus laboriosam sint quia doloremque facilis.;;06/11/2025 03:44;laismonteiro;06/11/2025 05:22;ebarros
165;117;40;DQ44H7;06458941;96;5584905897589;31/10/2025 16:40;31/10/2025 16:55;3;Aut non sint libero.;;31/10/2025 15:40;ncasa-grande;31/10/2025 16:55;gcavalcante
166;146;7;DQ44H7;56172453;245;5584931763281;27/08/2025 22:23;27/08/2025 22:37;3;Id excepturi est nam ex velit odio cum.;Quisquam reiciendis veniam illum excepturi a.;27/08/2025 21:23;caldeiranina;27/08/2025 22:37;ana-luizacavalcante
167;147;21;QW77C2;48947075;250;5571991559789;20/08/2025 16:22;20/08/2025 17:12;5;Maiores nobis cupiditate excepturi molestiae.;Dolores adipisci alias velit blanditiis.;20/08/2025 15:22;fonsecadavi-lucca;20/08/2025 17:12;jda-mata
168;83;89;MN55D3;91312905;30;5531918842614;27/08/2025 18:45;27/08/2025 19:32;2;Non ut fugiat quos occaecati.;Nulla dolore illum reprehenderit voluptatem aut.;27/08/2025 17:45;mendoncaisaac;27/08/2025 19:32;teixeiramatteo
169;226;41;AJ81E4;32622964;95;5571933601277;01/10/2025 00:12;01/10/2025 00:53;2;Voluptate voluptatum ipsam nobis itaque.;Cum magnam cumque totam amet.;30/09/2025 23:12;da-conceicaojulia;01/10/2025 00:53;maria-ceciliasilveira
170;341;72;BV62F5;68250275;89;5541975978661;15/08/2025 08:30;15/08/2025 09:20;1;Aliquam earum ut pariatur placeat nostrum.;Hic repudiandae maiores hic harum.;15/08/2025 07:30;siqueiradavi-lucas;15/08/2025 09:20;opastor
171;274;58;AJ81E4;88971672;32;5584969727368;10/10/2025 08:50;10/10/2025 09:29;2;Excepturi incidunt quidem laudantium asperiores tempora.;;10/10/2025 07:50;freitasravi-lucca;10/10/2025 09:29;tdas-neves
172;486;52;DQ44H7;64297523;238;5541904121076;15/10/2025 11:47;15/10/2025 12:23;2;Similique ea debitis distinctio officia.;;15/10/2025 10:47;amarques;15/10/2025 12:23;miguelnunes
173;500;1;ER35J8;37727103;85;5551942103222;11/10/2025 22:35;11/10/2025 23:27;5;Soluta cum laudantium.;;11/10/2025 21:35;lucasvieira;11/10/2025 23:27;sampaiolivia
174;497;38;FS26K9;14373713;171;5541924355996;02/09/2025 05:40;02/09/2025 06:15;3;Ipsum officia consequuntur omnis.;Laborum eos aut numquam beatae id recusandae.;02/09/2025 04:40;marcelajesus;02/09/2025 06:15;lnascimento
175;174;73;ZP930B;17969695;188;5531996996696;13/09/2025 20:52;13/09/2025 21:43;4;Itaque molestiae distinctio voluptas possimus cumque.;;13/09/2025 19:52;diasravy;13/09/2025 21:43;epires
176;283;6;ZP930B;24439401;79;5531960064594;08/11/2025 14:40;08/11/2025 14:53;6;Reprehenderit blanditiis ab provident.;Maiores eaque necessitatibus repellendus quisquam.;08/11/2025 13:40;umachado;08/11/2025 14:53;zsiqueira
177;229;80;BV62F5;56848035;24;5521943775574;24/08/2025 03:58;24/08/2025 04:56;2;Accusamus minima repudiandae temporibus quas deserunt facilis.;;24/08/2025 02:58;hvasconcelos;24/08/2025 04:56;lteixeira
178;299;78;ER35J8;46457397;57;5511920876365;20/09/2025 12:41;20/09/2025 13:27;2;Optio nihil eaque nisi assumenda dolorum repudiandae.;;20/09/2025 11:41;ribeirocaue;20/09/2025 13:27;arthur-gabrielda-luz
179;43;36;ER35J8;95806052;218;5521981065797;17/10/2025 18:37;17/10/2025 18:54;1;Mollitia reprehenderit nulla.;;17/10/2025 17:37;calebe81;17/10/2025 18:54;camilamonteiro
180;202;86;MN55D3;26885889;126;5521935242897;05/11/2025 23:54;06/11/2025 00:04;5;Inventore praesentium hic sed beatae.;;05/11/2025 22:54;vianaallana;06/11/2025 00:04;scamara
181;466;78;BV62F5;77186210;102;5561913344295;19/09/2025 20:12;19/09/2025 20:49;1;Quidem neque soluta ut.;Fugit unde dignissimos sint soluta.;19/09/2025 19:12;pedro-miguelmelo;19/09/2025 20:49;alexia42
182;191;55;LXK0A1;49385173;73;5551985081046;23/10/2025 00:14;23/10/2025 00:42;4;Ullam neque tempore dolor illum quos.;;22/10/2025 23:14;camararebeca;23/10/2025 00:42;theo58
183;45;40;MN55D3;58554878;187;5584911428258;02/10/2025 11:12;02/10/2025 11:45;5;Non sed exercitationem.;;02/10/2025 10:12;maria32;02/10/2025 11:45;fda-cunha
184;148;54;QW77C2;78820616;207;5551963497093;01/09/2025 08:21;01/09/2025 09:17;4;Impedit atque nemo eligendi hic earum quasi.;;01/09/2025 07:21;joao-vitor00;01/09/2025 09:17;isabel86
185;72;55;FS26K9;28680631;154;5511927608646;27/08/2025 11:41;27/08/2025 12:32;4;Vitae recusandae voluptate fugit vitae.;Vero soluta quos nemo voluptatem excepturi.;27/08/2025 10:41;ana-lizcamargo;27/08/2025 12:32;samuelrocha
186;445;27;ER35J8;27322507;86;5584961791420;12/09/2025 15:03;12/09/2025 15:27;4;Ad molestiae alias quam sit aspernatur quisquam.;Mollitia animi animi dolor dolorum.;12/09/2025 14:03;kazevedo;12/09/2025 15:27;sousamatteo
187;46;76;LXK0A1;78367821;105;5571929302444;18/09/2025 21:56;18/09/2025 22:49;4;Recusandae quas cupiditate.;;18/09/2025 20:56;santoslaura;18/09/2025 22:49;melinamendes
188;285;35;DQ44H7;66971520;182;5551951977357;24/09/2025 10:36;24/09/2025 11:07;2;Animi temporibus distinctio corporis modi.;;24/09/2025 09:36;gustavo-henriquemoraes;24/09/2025 11:07;icavalcanti
189;427;18;CP53G6;32499325;75;5561902084197;26/08/2025 16:39;26/08/2025 16:56;2;Ut eos aut saepe rem.;;26/08/2025 15:39;ana-laura02;26/08/2025 16:56;yasmincavalcante
190;428;6;FS26K9;19470433;78;5541936578423;25/10/2025 19:51;25/10/2025 20:48;3;Ipsam nisi repudiandae voluptas recusandae eveniet.;;25/10/2025 18:51;brendacamara;25/10/2025 20:48;souzajulia
191;406;60;LXK0A1;02220736;40;5511910517106;11/09/2025 12:17;11/09/2025 12:36;1;Officia officia facilis recusandae eum similique.;Eum eaque cupiditate molestiae ad iure.;11/09/2025 11:17;das-nevesclarice;11/09/2025 12:36;gustavomontenegro
192;242;82;ZP930B;00186777;168;5541984114305;10/11/2025 04:45;10/11/2025 05:43;6;Molestias facilis tenetur possimus.;;10/11/2025 03:45;kalves;10/11/2025 05:43;icunha
193;252;37;MN55D3;14621523;8;5511981156767;16/08/2025 01:54;16/08/2025 02:25;2;Error nobis fugit facere incidunt corporis quasi voluptas.;Quisquam excepturi et iste eius cupiditate.;16/08/2025 00:54;camargoclarice;16/08/2025 02:25;azevedojuan
194;307;36;BV62F5;76235938;149;5511903643975;07/11/2025 14:57;07/11/2025 15:33;1;Eum pariatur nulla eius ea.;;07/11/2025 13:57;nunescalebe;07/11/2025 15:33;carolina27
195;322;56;DQ44H7;41817118;250;5581928952698;12/11/2025 09:40;12/11/2025 10:40;3;Error voluptate maiores totam pariatur a.;;12/11/2025 08:40;danilo03;12/11/2025 10:40;emoraes
196;376;16;FS26K9;72553326;5;5511909040370;14/08/2025 17:15;14/08/2025 17:43;5;Libero ducimus fuga commodi aperiam delectus.;;14/08/2025 16:15;cferreira;14/08/2025 17:43;beatrizcostela
197;75;21;BV62F5;47689616;119;5571903238006;24/08/2025 10:21;24/08/2025 11:03;1;Officiis vel voluptatibus rem.;;24/08/2025 09:21;cassianoleo;24/08/2025 11:03;enzo73
198;28;18;AJ81E4;13326376;93;5561956724468;17/08/2025 21:50;17/08/2025 22:17;2;Consequatur aut molestias consequuntur assumenda fugit.;;17/08/2025 20:50;raquelda-costa;17/08/2025 22:17;ndias
199;150;46;ER35J8;65148129;164;5581951525885;11/11/2025 15:57;11/11/2025 16:05;3;Eligendi neque ratione.;;11/11/2025 14:57;melina26;11/11/2025 16:05;sofiacasa-grande
200;94;66;ZP930B;82072034;154;5531967030135;15/09/2025 15:38;15/09/2025 15:55;6;Perferendis pariatur ex rerum quo quibusdam.;;15/09/2025 14:38;maria-luisaborges;15/09/2025 15:55;jade30
201;424;70;AJ81E4;28868033;70;5561913572257;14/08/2025 22:10;14/08/2025 22:35;3;Repellendus optio et ullam.;;14/08/2025 21:10;emanuelly83;14/08/2025 22:35;ecastro
202;274;89;FS26K9;56119561;91;5561975688515;17/09/2025 22:50;17/09/2025 23:18;1;Recusandae ut voluptatibus debitis delectus.;;17/09/2025 21:50;britoenzo;17/09/2025 23:18;fonsecaesther
203;145;2;BV62F5;26643997;200;5571968804066;15/09/2025 14:47;15/09/2025 15:00;5;Dolore dolor consectetur.;;15/09/2025 13:47;nicolasalbuquerque;15/09/2025 15:00;novaesjoao-lucas
204;112;44;QW77C2;83624043;129;5561935124711;22/09/2025 23:52;23/09/2025 00:07;1;Illo esse placeat praesentium asperiores esse non.;Optio occaecati maxime voluptatibus itaque.;22/09/2025 22:52;tda-cruz;23/09/2025 00:07;silveirajoaquim
205;315;25;ER35J8;99229660;217;5521984730715;06/10/2025 20:42;06/10/2025 21:37;5;Illum rerum temporibus alias corrupti tenetur.;;06/10/2025 19:42;apollo42;06/10/2025 21:37;ebarros
206;214;71;DQ44H7;62639773;235;5571961834541;09/10/2025 20:59;09/10/2025 21:48;1;Laboriosam alias quas porro deleniti autem.;Animi explicabo debitis.;09/10/2025 19:59;qandrade;09/10/2025 21:48;hgarcia
207;179;17;AJ81E4;51901800;177;5571966426933;06/11/2025 02:57;06/11/2025 03:03;4;Ad commodi maxime consequuntur modi eaque ex.;;06/11/2025 01:57;beatrizda-cruz;06/11/2025 03:03;asouza
208;391;57;BV62F5;47509985;45;5584959755302;19/09/2025 10:45;19/09/2025 11:28;5;Animi tempora qui quibusdam laborum rem.;;19/09/2025 09:45;esterdas-neves;19/09/2025 11:28;da-pazmilena
209;114;4;QW77C2;06372454;220;5571943260667;25/08/2025 11:31;25/08/2025 12:23;1;Cumque modi blanditiis autem necessitatibus dicta.;;25/08/2025 10:31;sophiacavalcante;25/08/2025 12:23;pedro-miguel09
210;65;89;MN55D3;10293157;34;5571991455146;23/08/2025 01:33;23/08/2025 01:52;3;Natus provident possimus delectus.;;23/08/2025 00:33;japarecida;23/08/2025 01:52;ygarcia
211;40;55;LXK0A1;65769344;199;5541923060328;17/08/2025 15:06;17/08/2025 15:55;1;Eos odit voluptates maiores non.;;17/08/2025 14:06;calebegoncalves;17/08/2025 15:55;mateusgoncalves
212;56;56;LXK0A1;89220975;204;5584904979553;31/08/2025 06:31;31/08/2025 06:38;2;Dignissimos ut ut magni ipsum.;;31/08/2025 05:31;zcosta;31/08/2025 06:38;ocorreia
213;61;76;AJ81E4;48319575;12;5551946670948;05/09/2025 06:20;05/09/2025 06:28;4;Consequuntur ad delectus hic aliquid praesentium eos.;Dicta quod saepe nulla rem tempora.;05/09/2025 05:20;alanaoliveira;05/09/2025 06:28;ymachado
214;401;86;ZP930B;95842748;236;5571928929145;04/10/2025 14:26;04/10/2025 14:31;1;Natus ab amet ex error.;;04/10/2025 13:26;csampaio;04/10/2025 14:31;eduarda62
215;344;76;BV62F5;53340556;8;5511939489565;01/11/2025 07:14;01/11/2025 07:31;2;Amet culpa aspernatur expedita esse perferendis nostrum.;Tenetur voluptatibus officia soluta qui.;01/11/2025 06:14;camargodavi-lucca;01/11/2025 07:31;esthercaldeira
216;181;36;QW77C2;47095402;219;5531936823896;20/08/2025 05:11;20/08/2025 05:53;3;Architecto minus pariatur.;;20/08/2025 04:11;kteixeira;20/08/2025 05:53;gjesus
217;292;79;ZP930B;98468027;26;5531901151718;01/10/2025 03:14;01/10/2025 03:34;5;Libero in distinctio nobis blanditiis quis quas.;;01/10/2025 02:14;sophie90;01/10/2025 03:34;xfogaca
218;367;2;MN55D3;96620082;247;5571973529151;16/08/2025 15:52;16/08/2025 16:30;2;Consequatur voluptatem libero aut et expedita.;Ipsam illum odio neque omnis explicabo.;16/08/2025 14:52;isabelpimenta;16/08/2025 16:30;rhavi59
219;51;69;MN55D3;04308497;236;5531925613211;24/09/2025 00:20;24/09/2025 00:25;6;Tenetur quaerat illum sint.;;23/09/2025 23:20;luisa99;24/09/2025 00:25;ecarvalho
220;302;61;QW77C2;96824389;113;5571924887911;08/10/2025 13:47;08/10/2025 14:15;6;Possimus autem perferendis quae quo illo quis.;;08/10/2025 12:47;fpacheco;08/10/2025 14:15;rezendekevin
