id;name;taxId;gender;dateOfBirth;status;externalCode;isEnriched;enrichedAt;enrichedBy;createdAt;createdBy;updatedAt;updatedBy;phone;email
1;Maria Sophia Mendonça;27.510.463/0001-50;F;25/08/2005;2;;False;;;08/07/2025 00:00;sabrinasampaio;;;5584965646848;portolavinia@example.com
2;Murilo Cassiano;483.165.097-84;M;24/06/1994;2;;False;;;03/07/2025 00:00;julia11;;;5584997560777;scaldeira@example.net
3;Emanuella Mendonça;14.253.986/0001-16;F;20/08/1977;1;;False;;;30/08/2025 00:00;caio35;;;5511971291808;camposnatalia@example.net
4;Yuri Teixeira;387.654.201-44;M;24/02/2004;2;;True;;;07/01/2025 00:00;mendesfelipe;;;5531999431721;mnovais@example.org
5;Bruno Pimenta;507.189.432-79;M;06/05/1981;1;;True;;;01/10/2025 00:00;da-rochaleticia;;;5531976267680;garaujo@example.org
6;Kaique Barbosa;718.523.640-17;M;22/12/1987;1;;True;;;06/07/2025 00:00;gael63;;;5584957998366;anna-liz62@example.com
7;Maria Cecília Gonçalves;59.432.168/0001-19;F;07/03/2003;1;;True;;;13/06/2025 00:00;nathan75;;;5551953295611;da-conceicaopedro-henrique@example.org
8;Dra. Aylla Carvalho;81.603.752/0001-49;F;25/06/1964;1;;True;;;10/05/2025 00:00;freitaserick;;;5521964996448;melomariane@example.org
9;Henry Gabriel Lima;789.130.426-22;M;17/01/1957;2;;False;;;19/06/2025 00:00;ana-carolinarezende;;;5511934394882;daviviana@example.com
10;Benício Nunes;921.608.375-12;M;05/05/1970;1;;True;;;26/07/2025 00:00;antonellacardoso;;;5551943344006;almeidabella@example.net
11;Isaque Machado;358.067.421-80;M;20/11/1957;1;;False;;;12/04/2025 00:00;anaazevedo;;;5511935877455;jesusluiz-fernando@example.net
12;Marcelo Machado;367.542.910-52;M;14/06/2001;1;;False;;;21/04/2025 00:00;ralmeida;;;5551968218504;da-motapedro@example.net
13;Mariah Albuquerque;90.518.274/0001-60;F;17/02/1959;2;;False;;;06/09/2025 00:00;portosarah;;;5531962675687;camposdante@example.com
14;Agatha Siqueira;81.056.924/0001-01;F;21/12/1969;2;;False;;;02/05/2025 00:00;oda-mata;;;5541984821389;ottogarcia@example.net
15;Sr. Rhavi Sousa;932.056.481-70;M;05/10/1974;2;;True;;;27/04/2025 00:00;luiz-gustavo40;;;5531984993373;rochabarbara@example.com
16;Dr. Francisco Pires;276.548.901-76;M;06/03/1992;1;;True;;;04/05/2025 00:00;maysasousa;;;5541995609687;hda-cruz@example.com
17;Lucca Macedo;463.280.197-69;M;20/07/1955;2;;True;;;07/07/2025 00:00;gvieira;;;5541932938614;eteixeira@example.com
18;Alice Araújo;50.673.418/0001-38;F;17/07/1977;2;;True;;;21/07/2025 00:00;yasmin24;;;5581965113309;marianecavalcanti@example.org
19;Dra. Anna Liz Mendonça;42.718.536/0001-97;F;23/03/1988;2;;False;;;06/02/2025 00:00;maria-luizapacheco;;;5571910835336;almeidanoah@example.net
20;Pietra Aragão;76.392.058/0001-90;F;15/12/1956;1;;False;;;16/08/2025 00:00;freitasnatalia;;;5584998012069;marianepastor@example.org
21;Dr. Francisco Melo;803.194.652-33;M;27/11/1989;1;;True;;;11/06/2025 00:00;vitormarques;;;5561909075292;hcarvalho@example.org
22;Maria Laura Fernandes;38.507.621/0001-39;F;25/09/1959;2;;True;;;22/04/2025 00:00;xleao;;;5531906269401;leaojoao-vitor@example.org
23;Catarina Melo;06.235.184/0001-55;F;29/03/1990;2;;True;;;05/01/2025 00:00;camaraotto;;;5561980988482;ana-liz22@example.net
24;Sr. Pedro Henrique Vasconcelos;820.516.749-49;M;19/09/1969;1;;True;;;09/05/2025 00:00;pedro-lucasdias;;;5511943355298;cporto@example.org
25;Theo Rocha;370.869.214-40;M;09/12/1996;2;;True;;;02/05/2025 00:00;ncassiano;;;5541956325406;ana-carolina50@example.org
26;Gabriela Peixoto;63.549.120/0001-62;F;20/09/1993;1;;False;;;14/04/2025 00:00;souzafrancisco;;;5511994150093;lalbuquerque@example.net
27;Antony Duarte;950.846.127-67;M;05/07/1993;2;;True;;;05/02/2025 00:00;eloah75;;;5531951033108;maria-isis73@example.org
28;Raul Abreu;421.065.738-71;M;05/01/1959;1;;True;;;02/07/2025 00:00;cardosoolivia;;;5571976437907;kpinto@example.org
29;Dra. Isadora Teixeira;83.760.219/0001-16;F;20/09/1963;1;;True;;;30/09/2025 00:00;rodriguesagatha;;;5521979770807;valentim94@example.net
30;Dr. João Pedro Costa;310.485.267-71;M;21/06/1966;1;;False;;;06/04/2025 00:00;aliciamoreira;;;5571966944771;ifonseca@example.net
31;Sr. Davi Casa Grande;637.508.241-26;M;01/06/1985;2;;True;;;05/10/2025 00:00;gda-cunha;;;5561914731174;ryancostela@example.com
32;Ana Clara da Luz;29.035.178/0001-50;F;13/10/1968;1;;True;;;23/04/2025 00:00;nazevedo;;;5531993456075;hcirino@example.com
33;Srta. Alice Macedo;36.510.724/0001-22;F;08/11/1966;2;;False;;;19/10/2025 00:00;fogacaluiz-felipe;;;5531960077757;ravi47@example.org
34;Dr. Léo Lopes;123.906.574-43;M;05/12/1983;1;;True;;;26/07/2025 00:00;da-pazcaroline;;;5561934149748;gabrielly61@example.net
35;Maria Fernanda Oliveira;41.293.706/0001-76;F;20/10/1987;1;;True;;;07/03/2025 00:00;portolaura;;;5581988874375;viniciusda-luz@example.com
36;Ayla Souza;91.345.726/0001-11;F;09/03/1968;2;;False;;;24/05/2025 00:00;juliana93;;;5584985646002;pfreitas@example.net
37;Ayla Macedo;01.438.926/0001-26;F;18/04/1987;2;;True;;;04/03/2025 00:00;karaujo;;;5584993710570;aurora58@example.com
38;Kamilly Borges;29.081.735/0001-79;F;04/01/1988;2;;False;;;19/02/2025 00:00;stellapimenta;;;5541908338651;montenegrovalentim@example.com
39;Josué Fogaça;895.460.132-42;M;10/05/1993;1;;False;;;01/08/2025 00:00;mathias36;;;5551933727030;riosjuan@example.com
40;Liam Borges;598.160.274-02;M;18/10/1961;1;;False;;;20/01/2025 00:00;erios;;;5511991215555;lucas-gabrielcarvalho@example.com
41;Ana Laura Montenegro;35.427.186/0001-44;F;02/12/1977;2;;True;;;25/03/2025 00:00;barrosdom;;;5581915196459;jsousa@example.net
42;Sra. Maria Clara Rodrigues;52.304.781/0001-01;F;27/11/1973;2;;False;;;06/02/2025 00:00;zviana;;;5551940364503;stella30@example.com
43;Letícia Cavalcanti;83.125.790/0001-69;F;15/07/1987;2;;False;;;08/08/2025 00:00;lpimenta;;;5561967667479;fonsecamurilo@example.com
44;Isabella Cavalcanti;76.541.398/0001-35;F;17/10/1963;1;;True;;;21/10/2025 00:00;rodriguesanthony-gabriel;;;5521958544826;aoliveira@example.net
45;Sr. João Rezende;658.147.902-02;M;23/08/1965;2;;True;;;26/08/2025 00:00;martinsmirella;;;5511920512238;maria-cecilia19@example.com
46;Pedro Miguel Moraes;367.418.295-55;M;22/02/1969;2;;True;;;28/04/2025 00:00;stephany67;;;5511920148535;yanda-rosa@example.net
47;Nicolas Barbosa;910.837.562-30;M;06/06/1991;1;;True;;;09/05/2025 00:00;amoraes;;;5521990306811;mendesmanuela@example.net
48;Letícia Andrade;82.439.057/0001-56;F;01/11/1964;1;;True;;;09/05/2025 00:00;vmendonca;;;5511907507826;santosisabela@example.net
49;Ana Julia Lima;65.704.823/0001-43;F;05/10/1976;2;;True;;;05/07/2025 00:00;vleao;;;5551941780062;isabella81@example.org
50;Maria Fernanda Rocha;75.290.431/0001-39;F;17/10/1997;2;;True;;;22/08/2025 00:00;novaisrodrigo;;;5561952485723;jramos@example.org
51;Maria Cecília Silveira;59.137.064/0001-81;F;06/06/2006;1;;False;;;29/09/2025 00:00;rebeca32;;;5551960454211;juliana16@example.net
52;Danilo Freitas;374.058.612-53;M;17/09/1979;2;;False;;;17/10/2025 00:00;sousaheloisa;;;5551902242833;claricemoraes@example.net
53;Luiz Miguel Pimenta;536.012.987-59;M;16/07/1986;1;;True;;;15/05/2025 00:00;bsilva;;;5581996054143;bcavalcanti@example.org
54;Dr. Lucas Gabriel Oliveira;043.261.978-03;M;22/11/2004;2;;True;;;26/03/2025 00:00;maria-isis47;;;5521968337499;julia64@example.org
55;Dr. João Miguel Correia;407.692.831-87;M;02/03/1994;1;;False;;;22/03/2025 00:00;mariahcostela;;;5581995487546;daniloandrade@example.com
56;Pietra Cirino;52.908.467/0001-38;F;26/08/1969;1;;True;;;10/04/2025 00:00;cunhacamila;;;5551911873957;manuela29@example.com
57;Sophia Fernandes;42.908.165/0001-06;F;16/08/1968;1;;True;;;21/08/2025 00:00;wcasa-grande;;;5551950769185;beatriznovaes@example.org
58;Bianca Siqueira;87.639.104/0001-29;F;13/09/1987;2;;True;;;22/01/2025 00:00;matheus18;;;5511955560475;aylla17@example.com
59;Heitor Monteiro;798.036.421-03;M;07/08/2004;1;;False;;;11/10/2025 00:00;diego20;;;5571949481219;vargascarlos-eduardo@example.net
60;Manuella Freitas;20.341.569/0001-28;F;06/08/1982;2;;False;;;17/08/2025 00:00;valentinada-luz;;;5511919175961;bruna93@example.org
61;Benjamin Santos;671.259.403-07;M;07/08/1980;1;;False;;;04/10/2025 00:00;alexandrepastor;;;5521936278077;cda-mata@example.org
62;Sr. Nathan da Mata;795.028.413-79;M;26/02/1990;2;;False;;;15/07/2025 00:00;gael-henriquecassiano;;;5551948825435;riosmateus@example.net
63;Dr. Cauã Costa;837.946.150-93;M;29/04/1972;2;;False;;;14/10/2025 00:00;milenacirino;;;5551939608731;sampaioana-julia@example.net
64;Marina Rezende;04.159.728/0001-11;F;29/11/1978;1;;False;;;10/05/2025 00:00;caua34;;;5551922252608;nascimentosophia@example.net
65;Bella Pastor;09.712.684/0001-29;F;02/02/1973;1;;False;;;21/04/2025 00:00;marcos-viniciusmoraes;;;5541986937412;mcasa-grande@example.org
66;Isadora Vasconcelos;74.319.625/0001-57;F;03/02/1989;2;;False;;;18/06/2025 00:00;heloisa78;;;5584930008375;isabelly78@example.com
67;Dra. Caroline da Rocha;51.394.860/0001-98;F;08/07/1994;1;;True;;;29/08/2025 00:00;brunomendes;;;5531903855414;dnascimento@example.net
68;Bruna Rezende;79.124.863/0001-20;F;08/08/2004;1;;True;;;06/01/2025 00:00;da-pazliam;;;5561935625717;portodaniela@example.org
69;Luiz Gustavo Melo;957.381.620-21;M;31/05/1992;2;;True;;;06/07/2025 00:00;azevedojoao;;;5581966271645;yanpinto@example.net
70;Enzo Gabriel Borges;749.682.051-20;M;18/04/1978;1;;True;;;23/04/2025 00:00;tporto;;;5581978751702;novaisdante@example.org
71;Mariah Brito;97.346.051/0001-01;F;16/01/1956;1;;True;;;12/09/2025 00:00;oliver88;;;5571946754372;udas-neves@example.net
72;Antonella Machado;94.106.785/0001-25;F;02/10/1961;2;;True;;;27/04/2025 00:00;correiaryan;;;5511923951577;da-pazjoao-miguel@example.org
73;Clarice Guerra;07.568.341/0001-07;F;13/05/1958;2;;False;;;25/01/2025 00:00;josecosta;;;5541991263317;emanuelly04@example.com
74;Dr. Rodrigo Campos;287.315.490-04;M;14/05/1977;1;;False;;;27/07/2025 00:00;franciscomoraes;;;5521970274998;alexandre22@example.net
75;Yan Gomes;043.276.198-50;M;01/11/1987;1;;True;;;10/09/2025 00:00;yuricampos;;;5541993746388;davi-miguelsouza@example.com
76;Gael Cirino;869.743.051-84;M;29/12/1995;1;;True;;;23/04/2025 00:00;marianemendes;;;5584979942528;ian88@example.net
77;Vitor Freitas;502.963.741-99;M;05/11/2004;1;;True;;;27/07/2025 00:00;gabrielacampos;;;5561939623668;anovaes@example.org
78;Benicio Pires;417.059.382-05;M;10/01/1989;2;;True;;;04/01/2025 00:00;matteocasa-grande;;;5551964332060;pintoester@example.org
79;Mariah da Luz;26.597.480/0001-03;F;28/11/1960;1;;False;;;07/02/2025 00:00;azevedogael-henrique;;;5531958249191;ocavalcante@example.com
80;Levi Machado;897.153.046-48;M;16/10/1981;1;;False;;;25/03/2025 00:00;emilly25;;;5561973111849;acassiano@example.net
81;Maria Liz Moreira;21.703.854/0001-04;F;26/06/1967;2;;True;;;01/01/2025 00:00;luiza04;;;5521995798000;oliviacavalcanti@example.org
82;Lucas Gabriel Dias;683.259.471-28;M;29/12/1997;2;;True;;;14/05/2025 00:00;da-luzjulia;;;5561939344203;fernandesfrancisco@example.com
83;Lucca Cavalcanti;051.268.749-85;M;21/04/2006;2;;True;;;13/07/2025 00:00;viananicole;;;5584985109655;beatriz81@example.net
84;Mariah Camargo;26.018.934/0001-44;F;14/02/1981;2;;True;;;13/09/2025 00:00;isabella05;;;5511923453127;agathamendes@example.net
85;Gabriel Machado;139.758.462-91;M;19/04/1961;2;;False;;;25/01/2025 00:00;ribeiropedro-lucas;;;5584919909184;juanda-luz@example.net
86;Pedro Lucas Andrade;284.075.361-80;M;17/06/1983;1;;True;;;01/03/2025 00:00;stellabarbosa;;;5561920960768;emelo@example.com
87;Theodoro da Luz;630.148.275-17;M;29/10/1956;2;;True;;;07/11/2025 00:00;pereirasophia;;;5511978703654;moreiraana-sophia@example.net
88;Theodoro Pinto;680.931.754-66;M;26/02/1959;1;;False;;;08/01/2025 00:00;novaesdiego;;;5584990002531;guilhermearagao@example.org
89;Luigi Macedo;694.251.087-49;M;13/02/1996;1;;True;;;21/04/2025 00:00;rebeca25;;;5581922351107;zramos@example.net
90;Srta. Ana Liz Sales;91.068.732/0001-79;F;04/10/1987;1;;True;;;29/05/2025 00:00;allana02;;;5551984223250;oguerra@example.org
91;Sofia Nascimento;69.148.502/0001-60;F;01/10/1971;2;;False;;;01/08/2025 00:00;albuquerquepietro;;;5571993808195;duarteenrico@example.com
92;Cauê Abreu;708.652.941-94;M;02/11/1974;2;;True;;;22/08/2025 00:00;usouza;;;5551972781311;ana-lauracamara@example.org
93;Maitê Barros;92.360.178/0001-61;F;30/04/1958;2;;False;;;22/03/2025 00:00;kcosta;;;5581904845534;vitor-gabriel23@example.org
94;Caleb Pacheco;925.473.016-52;M;06/04/1977;2;;True;;;21/09/2025 00:00;lunasa;;;5561936678122;barroseloa@example.net
95;Nicole Lopes;18.645.273/0001-59;F;05/11/1996;2;;True;;;20/04/2025 00:00;jose-pedromoraes;;;5561933144545;heloisa62@example.net
96;Gustavo Silveira;873.560.412-35;M;05/08/2004;2;;False;;;18/04/2025 00:00;emanuellapimenta;;;5584968447865;yasminmacedo@example.com
97;Maria Julia Almeida;26.748.519/0001-46;F;02/09/1989;1;;True;;;12/08/2025 00:00;srezende;;;5541947000418;saayla@example.org
98;José Pedro Cavalcante;132.897.540-14;M;04/09/1959;1;;True;;;16/03/2025 00:00;joao-vitorcirino;;;5511961338506;costelavinicius@example.com
99;Evelyn Pastor;28.650.391/0001-09;F;17/12/1991;1;;False;;;07/07/2025 00:00;pedro94;;;5561957387370;da-pazluiza@example.org
100;Bella Cardoso;82.769.435/0001-60;F;25/11/1969;2;;True;;;18/02/2025 00:00;joaoda-conceicao;;;5541951457459;luiz-felipe50@example.org
101;Sr. Marcos Vinicius Cavalcante;815.374.260-44;M;02/04/1975;2;;False;;;05/10/2025 00:00;ribeiroliam;;;5571976316875;heloisamartins@example.org
102;Sra. Heloísa Teixeira;64.279.085/0001-71;F;27/07/1992;2;;False;;;08/07/2025 00:00;maria-isis89;;;5541998704377;ottonunes@example.com
103;Srta. Anna Liz Costa;50.841.297/0001-96;F;18/11/1999;2;;True;;;05/10/2025 00:00;maria-laura30;;;5561905386183;tgoncalves@example.org
104;Srta. Anna Liz Fernandes;25.463.187/0001-90;F;04/08/1955;2;;True;;;14/08/2025 00:00;arthur-gabrielporto;;;5571945793574;maria-clararamos@example.org
105;Dra. Maria Alice Cirino;70.345.289/0001-66;F;23/11/1962;2;;False;;;17/04/2025 00:00;aragaoana-clara;;;5531989049485;viniciusaragao@example.net
106;Yasmin Almeida;60.872.149/0001-92;F;12/01/1982;2;;False;;;29/03/2025 00:00;smoraes;;;5561984830144;diogo05@example.net
107;Luiz Fernando Dias;629.853.107-68;M;22/11/1992;1;;True;;;30/09/2025 00:00;agatharibeiro;;;5551985740850;garciapietra@example.org
108;Eloá Aparecida;20.196.378/0001-10;F;03/08/1986;1;;True;;;01/04/2025 00:00;tda-rocha;;;5581937227752;elopes@example.org
109;Luigi Montenegro;146.325.987-55;M;14/02/1958;2;;False;;;24/06/2025 00:00;jesusbarbara;;;5551986956639;raul86@example.net
110;Arthur Gabriel Fonseca;071.359.462-43;M;08/05/1971;1;;False;;;22/05/2025 00:00;davi-luiz87;;;5511992094110;dommacedo@example.org
111;Lorenzo Pinto;671.305.942-25;M;19/03/1983;1;;True;;;29/06/2025 00:00;lorenaferreira;;;5511947659797;da-rochadaniel@example.net
112;Gabriela Costela;13.607.945/0001-18;F;05/12/2004;2;;True;;;11/03/2025 00:00;bpimenta;;;5531975937158;maya06@example.net
113;Murilo Borges;976.205.813-59;M;18/02/1968;2;;True;;;18/01/2025 00:00;henriquecassiano;;;5541971638324;moreiramarcela@example.org
114;Cecilia Gonçalves;73.246.519/0001-28;F;15/05/1989;1;;True;;;12/02/2025 00:00;das-neveslucas-gabriel;;;5584996554853;rezendeliz@example.org
115;Ana Clara Borges;30.192.765/0001-31;F;06/08/1984;2;;False;;;26/09/2025 00:00;marqueshenry-gabriel;;;5551950698820;cardosocarolina@example.net
116;Arthur Miguel Abreu;436.895.271-55;M;13/04/2001;1;;False;;;30/10/2025 00:00;blima;;;5531989129511;agatha01@example.com
117;Ana Lívia Andrade;87.025.436/0001-13;F;06/04/1967;1;;True;;;05/08/2025 00:00;ppires;;;5531996230543;mayaleao@example.net
118;Sra. Sophia da Mata;21.879.305/0001-95;F;04/05/1988;1;;True;;;12/03/2025 00:00;diego30;;;5551994860820;clara51@example.com
119;Ravy Lopes;205.387.619-03;M;10/10/2006;1;;True;;;04/02/2025 00:00;araujosofia;;;5561912254803;silvamaria-julia@example.com
120;Mariana da Mata;64.125.937/0001-76;F;31/07/1984;1;;True;;;09/04/2025 00:00;rebeca92;;;5521938162282;matteo69@example.net
121;Sr. João Guilherme Sales;928.571.463-37;M;08/04/1986;1;;False;;;15/10/2025 00:00;maria-alicemelo;;;5531962563858;cassianomaria-vitoria@example.com
122;Dra. Bárbara Caldeira;98.532.061/0001-02;F;06/01/2003;2;;False;;;06/11/2025 00:00;tsantos;;;5581989704172;arthur29@example.net
123;Sara Gonçalves;69.502.743/0001-66;F;17/06/1993;1;;True;;;20/07/2025 00:00;luizamoreira;;;5561974289494;nmoura@example.org
124;Sr. Lucas Mendonça;735.142.809-32;M;05/03/1959;1;;False;;;02/04/2025 00:00;maria-laura38;;;5581927704916;luiz-fernando68@example.org
125;Dra. Luísa da Costa;39.521.608/0001-05;F;23/04/1971;2;;False;;;27/01/2025 00:00;spires;;;5521985926059;xcasa-grande@example.com
126;Vitor Hugo Araújo;786.124.935-28;M;28/12/1967;1;;False;;;05/07/2025 00:00;dguerra;;;5551920433920;gsales@example.net
127;Sra. Ana Novais;89.640.175/0001-77;F;31/07/1997;1;;False;;;29/05/2025 00:00;monteiroana-laura;;;5521962675194;moreiraleticia@example.com
128;Dr. Igor Oliveira;218.639.740-40;M;01/03/1991;2;;True;;;27/02/2025 00:00;da-motaluiz-fernando;;;5584938418194;fariasagatha@example.com
129;Luiz Miguel Macedo;958.701.263-12;M;29/05/1994;2;;False;;;15/09/2025 00:00;davi-luizsilveira;;;5511965658221;luiz-otaviorezende@example.com
130;Ryan Azevedo;435.786.910-20;M;18/09/1991;2;;False;;;12/06/2025 00:00;rodriguescaroline;;;5551946424259;icavalcanti@example.net
131;Stella Cassiano;01.672.943/0001-23;F;23/02/1976;2;;False;;;19/06/2025 00:00;maria-isis56;;;5561943866432;estherrodrigues@example.com
132;Leonardo Lopes;602.718.459-02;M;04/11/1991;2;;False;;;10/02/2025 00:00;vinicius94;;;5551911685422;oliver10@example.com
133;Vitória Porto;87.245.610/0001-33;F;14/10/1969;1;;False;;;26/06/2025 00:00;yasmin96;;;5584973200790;claricelima@example.org
134;Gael Henrique Câmara;140.689.237-87;M;12/10/1997;2;;True;;;24/04/2025 00:00;beatrizgoncalves;;;5521939800410;xalves@example.org
135;Stephany Silveira;31.780.245/0001-02;F;22/11/1978;1;;True;;;15/09/2025 00:00;theo79;;;5581913604323;rvargas@example.org
136;Raquel Andrade;93.741.820/0001-15;F;30/04/1975;2;;False;;;05/10/2025 00:00;yan66;;;5561954887511;nda-conceicao@example.net
137;Murilo Camargo;327.815.064-35;M;04/05/1982;2;;True;;;11/07/2025 00:00;larada-mata;;;5511980864653;lais89@example.org
138;Maria Vitória Barros;85.326.714/0001-47;F;25/01/1981;1;;False;;;14/06/2025 00:00;henriqueguerra;;;5571916467161;oliver79@example.com
139;Antonella Pastor;96.037.485/0001-67;F;22/01/1961;1;;True;;;16/08/2025 00:00;bentoda-rosa;;;5521953765503;leticia70@example.net
140;Larissa Gomes;79.210.348/0001-63;F;31/08/1997;2;;False;;;25/06/2025 00:00;tjesus;;;5531929243306;thalesmelo@example.com
141;João Vitor Rezende;204.958.631-06;M;20/06/1977;2;;True;;;18/06/2025 00:00;limaisabela;;;5541957836016;henry-gabrielleao@example.com
142;Oliver Cavalcanti;451.238.690-42;M;07/05/1991;2;;True;;;29/05/2025 00:00;nmonteiro;;;5551931232794;maria-eduardasiqueira@example.com
143;Dr. Lucas da Luz;725.984.136-28;M;12/09/1962;1;;False;;;11/10/2025 00:00;paulomelo;;;5581969156410;siqueiradiego@example.net
144;Isaac Nogueira;873.214.596-91;M;30/10/1992;1;;True;;;21/02/2025 00:00;das-nevesbianca;;;5571909492380;sabrinaalmeida@example.com
145;Kevin Alves;739.186.025-59;M;26/02/2004;2;;True;;;04/04/2025 00:00;isaque24;;;5551928597934;kevingoncalves@example.com
146;Pedro Henrique Camargo;456.782.193-91;M;12/07/1992;1;;True;;;30/06/2025 00:00;felipelopes;;;5531955853416;da-luzluisa@example.com
147;Allana Montenegro;86.457.123/0001-71;F;19/12/1992;1;;True;;;24/08/2025 00:00;jadeda-rosa;;;5531985954677;kamillynunes@example.com
148;Mariana Garcia;47.526.809/0001-15;F;28/07/1993;2;;False;;;16/02/2025 00:00;cecilia35;;;5581996588017;martinslavinia@example.com
149;Allana Dias;24.673.591/0001-26;F;25/01/1959;2;;False;;;07/08/2025 00:00;vribeiro;;;5551999813816;beatriz16@example.net
150;Liam Cavalcanti;390.781.642-04;M;10/11/1983;2;;False;;;10/08/2025 00:00;gabriela26;;;5561974034803;lunaalbuquerque@example.org
151;Noah Peixoto;407.638.519-57;M;27/08/1990;1;;True;;;17/04/2025 00:00;bcassiano;;;5521956207752;ana-lizoliveira@example.net
152;Ana Laura Ramos;75.940.638/0001-01;F;15/07/1969;2;;True;;;13/04/2025 00:00;otaviopacheco;;;5521943255119;britoaurora@example.org
153;Esther Guerra;96.503.478/0001-03;F;27/06/2004;2;;True;;;26/09/2025 00:00;nogueiraana-julia;;;5571929763459;gabriellysilva@example.com
154;Isabelly Monteiro;93.625.748/0001-60;F;09/05/1981;1;;False;;;07/09/2025 00:00;martinsyago;;;5531916388280;da-cunhamaria-julia@example.com
155;Luísa Pacheco;04.135.698/0001-03;F;29/03/1957;1;;True;;;05/09/2025 00:00;otto19;;;5584931426441;ccarvalho@example.net
156;Davi Miguel Viana;853.164.279-55;M;19/03/1982;2;;True;;;16/03/2025 00:00;maria-fernandalopes;;;5561942391202;peixotostephany@example.com
157;Maria Eduarda Carvalho;42.053.971/0001-40;F;01/04/1966;2;;False;;;09/11/2025 00:00;camararavi;;;5541947559975;isabela41@example.net
158;Apollo Novaes;025.376.491-25;M;03/05/2006;2;;True;;;03/10/2025 00:00;kgomes;;;5584906536570;otto68@example.org
159;Sra. Hadassa Costa;45.308.621/0001-75;F;11/07/1994;2;;False;;;23/07/2025 00:00;lunna49;;;5511900058865;da-pazdaniela@example.com
160;Maitê Porto;40.271.593/0001-45;F;03/06/1978;1;;False;;;10/03/2025 00:00;pedro-lucasda-mota;;;5541960229199;maria-isisrios@example.net
161;Beatriz Machado;85.472.610/0001-40;F;20/01/1959;1;;False;;;31/03/2025 00:00;evargas;;;5584921096681;tteixeira@example.net
162;Luara Abreu;63.978.205/0001-66;F;14/06/1977;2;;False;;;17/08/2025 00:00;hadassa62;;;5571940496103;raquel26@example.net
163;Vitória Aparecida;73.895.014/0001-94;F;28/03/1988;2;;True;;;08/11/2025 00:00;otavio55;;;5561968820807;rafaela29@example.net
164;Vinicius da Mata;386.921.470-87;M;26/11/2006;1;;True;;;09/08/2025 00:00;joao-pedro22;;;5551956543805;aliciagomes@example.com
165;Aurora Carvalho;67.983.054/0001-95;F;29/05/1985;1;;False;;;31/10/2025 00:00;theodoro10;;;5551958556295;gomesclara@example.com
166;Lorena Pacheco;05.932.648/0001-10;F;08/08/1958;1;;True;;;01/03/2025 00:00;vazevedo;;;5581929884528;pedro-lucas87@example.org
167;Dr. Erick Dias;459.326.018-33;M;17/07/1963;2;;True;;;11/07/2025 00:00;kamillycamara;;;5511926299663;qfonseca@example.com
168;Caio Cardoso;283.059.674-92;M;25/05/1973;2;;False;;;16/06/2025 00:00;cviana;;;5551968364691;cauecavalcanti@example.net
169;Daniel Camargo;685.314.920-33;M;17/06/2007;2;;False;;;19/05/2025 00:00;levi49;;;5551988104320;da-rochacatarina@example.org
170;Ana Julia Nunes;05.684.271/0001-27;F;02/10/1992;2;;True;;;01/03/2025 00:00;oliver27;;;5581900691185;rafaelacassiano@example.net
171;Maria Julia Andrade;56.840.293/0001-70;F;28/02/1977;1;;True;;;13/08/2025 00:00;ceciliaalves;;;5581956397277;hadassa25@example.org
172;Léo Macedo;139.728.406-40;M;15/06/1987;1;;False;;;25/07/2025 00:00;isaac81;;;5541964406718;talmeida@example.org
173;Isabela Gonçalves;92.531.874/0001-93;F;04/07/1989;1;;False;;;22/10/2025 00:00;rezendeantony;;;5541922633764;ada-mota@example.com
174;Dra. Camila das Neves;27.805.639/0001-09;F;06/07/1993;2;;False;;;27/03/2025 00:00;fernandesgiovanna;;;5541992316260;rafaela01@example.com
175;Sra. Hellena Costela;78.935.162/0001-09;F;30/03/1985;2;;False;;;14/09/2025 00:00;nogueiradiogo;;;5511907775013;maria-juliagoncalves@example.com
176;Gael Barros;915.320.476-06;M;15/01/2001;2;;True;;;28/05/2025 00:00;dantebrito;;;5584971657353;brayanlopes@example.org
177;Ana Lívia Lopes;27.805.134/0001-36;F;05/06/1999;1;;True;;;22/04/2025 00:00;luiz-gustavofreitas;;;5541946856621;lunacamargo@example.org
178;Marina Lima;74.182.063/0001-42;F;01/04/1956;2;;False;;;31/10/2025 00:00;rsilva;;;5561943433632;cardosoarthur-miguel@example.com
179;Srta. Maysa Gonçalves;34.169.527/0001-66;F;29/04/1989;2;;True;;;05/09/2025 00:00;mateus01;;;5541924045546;ycaldeira@example.com
180;Sra. Ayla Martins;82.651.439/0001-49;F;06/03/1958;2;;False;;;26/09/2025 00:00;maria-claramoreira;;;5541928032317;clarice00@example.org
181;Dr. Vitor Hugo Caldeira;280.467.391-03;M;11/06/1962;1;;False;;;29/08/2025 00:00;ncardoso;;;5551921849238;kaiquealmeida@example.org
182;Marcela da Mata;32.746.105/0001-80;F;21/12/1967;2;;True;;;18/07/2025 00:00;siqueiravitor;;;5561973351816;diogocardoso@example.com
183;Sr. Vinícius Alves;827.641.305-62;M;11/12/1992;1;;False;;;23/10/2025 00:00;henry37;;;5561914805174;heloisa39@example.org
184;Anthony Gabriel Pacheco;170.643.598-39;M;16/02/1996;2;;False;;;23/08/2025 00:00;jesuspedro-miguel;;;5541916297912;casa-granderafaela@example.com
185;Ayla Dias;28.610.543/0001-40;F;12/03/1981;2;;False;;;19/06/2025 00:00;emanuellarios;;;5521906653307;fernandeszoe@example.com
186;Carolina da Cruz;29.503.148/0001-20;F;06/02/1995;2;;False;;;23/06/2025 00:00;carlos-eduardo09;;;5551937284768;oliviada-rosa@example.net
187;Dra. Maria Vitória Pacheco;84.013.765/0001-56;F;07/04/1980;2;;True;;;08/06/2025 00:00;bellanogueira;;;5541941427006;joao-miguel03@example.org
188;Carlos Eduardo Sá;570.124.936-07;M;21/01/1974;1;;True;;;28/10/2025 00:00;pintogabriela;;;5561959641216;zbarros@example.net
189;Henrique Borges;637.290.145-52;M;10/02/1999;2;;True;;;21/10/2025 00:00;andradeana-livia;;;5571960147835;machadojoao-gabriel@example.net
190;Levi Dias;297.461.053-61;M;29/08/1957;1;;False;;;29/05/2025 00:00;maitecardoso;;;5551938127522;azevedomaria-liz@example.org
191;Théo Mendes;364.290.815-24;M;14/06/1998;1;;True;;;30/10/2025 00:00;zoesales;;;5521906395018;eborges@example.org
192;Dra. Valentina Novais;52.847.316/0001-17;F;07/05/1986;1;;True;;;14/10/2025 00:00;fpires;;;5581935535016;davi-luizgoncalves@example.com
193;Eloá Gomes;06.732.598/0001-90;F;25/07/1976;1;;True;;;29/08/2025 00:00;nogueiravalentim;;;5571997068557;oliviagoncalves@example.org
194;Olívia Farias;79.260.138/0001-80;F;12/06/1982;1;;True;;;03/08/2025 00:00;caldeirayan;;;5561961961499;tsa@example.org
195;Isis Mendonça;75.031.429/0001-45;F;15/11/1982;2;;True;;;12/05/2025 00:00;isabelagarcia;;;5584913431770;antonybrito@example.net
196;Isaac Rodrigues;684.023.915-24;M;09/06/1996;2;;False;;;12/02/2025 00:00;opacheco;;;5511926862774;moreiramariana@example.org
197;Ryan Mendonça;450.697.328-38;M;03/12/1961;1;;True;;;10/04/2025 00:00;procha;;;5571990290200;eloah75@example.net
198;Oliver Aparecida;409.621.873-13;M;16/06/1962;1;;False;;;12/02/2025 00:00;pedro89;;;5511943554300;anthony-gabrielrios@example.org
199;Sra. Maitê da Cunha;53.869.017/0001-46;F;21/10/1973;2;;False;;;23/04/2025 00:00;esterlopes;;;5551914613041;joaquimnascimento@example.org
200;Maria Julia Brito;42.539.678/0001-97;F;15/08/1973;2;;True;;;01/05/2025 00:00;sarasantos;;;5561933164741;da-rosagael@example.org
201;José Pedro Pacheco;362.498.057-29;M;23/03/1978;2;;False;;;17/07/2025 00:00;aylla64;;;5571901606786;aparecidaerick@example.com
202;Srta. Bianca Montenegro;25.749.310/0001-34;F;02/11/1985;2;;False;;;30/07/2025 00:00;ccassiano;;;5581935390115;isadoraleao@example.org
203;Kevin Freitas;190.256.348-42;M;24/11/1992;1;;False;;;19/01/2025 00:00;qsousa;;;5511931684404;isismendes@example.net
204;Sra. Yasmin das Neves;49.578.260/0001-38;F;20/06/1983;2;;False;;;24/01/2025 00:00;ppimenta;;;5531943251933;emanuellamoraes@example.net
205;Mariana Andrade;36.485.720/0001-31;F;18/06/1962;1;;False;;;29/04/2025 00:00;lunada-luz;;;5521908407510;eduardo18@example.org
206;Dr. Heitor Ramos;139.082.465-98;M;04/05/1973;1;;True;;;24/09/2025 00:00;melinacasa-grande;;;5521924753773;julia82@example.com
207;Larissa Jesus;59.018.437/0001-03;F;08/05/1960;2;;False;;;27/09/2025 00:00;estherpereira;;;5531904117548;francisco93@example.com
208;Benjamim Gomes;321.485.607-35;M;28/02/2006;2;;False;;;09/05/2025 00:00;melohellena;;;5581970246834;benicio38@example.net
209;Luana Costa;52.081.946/0001-23;F;09/12/1976;1;;False;;;09/03/2025 00:00;caroline69;;;5551907388095;onovais@example.org
210;Dra. Maria Júlia Barbosa;21.089.645/0001-12;F;21/10/1966;1;;True;;;09/02/2025 00:00;anthony-gabrielda-rocha;;;5511920963884;sarahda-mata@example.org
211;Alícia Vargas;12.594.736/0001-14;F;19/12/1996;1;;False;;;15/06/2025 00:00;ravysa;;;5581993162805;valentim74@example.net
212;Brenda Castro;53.729.048/0001-00;F;29/03/1991;2;;True;;;28/01/2025 00:00;olivia04;;;5581931586059;isaque60@example.org
213;Yan Pinto;543.107.286-26;M;20/08/1960;2;;False;;;16/09/2025 00:00;oliviada-mata;;;5521904844279;lucas-gabriel76@example.net
214;Ryan Silveira;306.725.419-80;M;05/01/1983;2;;True;;;18/10/2025 00:00;mathiassiqueira;;;5584960000686;vicente21@example.net
215;Beatriz Marques;06.792.418/0001-65;F;30/04/1964;1;;False;;;02/06/2025 00:00;ana18;;;5511904478809;dmachado@example.org
216;Nina Carvalho;43.912.850/0001-79;F;22/06/1972;2;;False;;;11/06/2025 00:00;emanuelmoura;;;5571917903575;albuquerquethiago@example.net
217;Erick Silveira;573.219.406-16;M;07/08/1965;1;;True;;;05/11/2025 00:00;davilopes;;;5571959669914;aurora23@example.net
218;Noah Peixoto;938.156.724-73;M;24/05/1962;2;;True;;;16/05/2025 00:00;lucasaraujo;;;5521950006885;fariasnoah@example.org
219;Srta. Hadassa Pastor;29.386.507/0001-07;F;13/08/1984;2;;False;;;23/05/2025 00:00;hcassiano;;;5561974571645;ncirino@example.org
220;Gabriela Cunha;24.039.615/0001-90;F;13/05/1977;1;;False;;;28/04/2025 00:00;tcasa-grande;;;5531992212026;laisleao@example.com
221;Ravi Rios;960.812.745-94;M;18/06/2006;1;;True;;;03/08/2025 00:00;beniciosiqueira;;;5561959672737;tcampos@example.net
222;Dr. Emanuel Montenegro;295.168.043-06;M;07/09/1987;1;;True;;;02/03/2025 00:00;josue88;;;5561965491956;fmonteiro@example.org
223;Alexia Vargas;28.913.406/0001-84;F;22/01/1983;2;;True;;;25/10/2025 00:00;maria-laura95;;;5561970070545;kjesus@example.com
224;Isabela Rocha;32.817.946/0001-31;F;04/09/1956;1;;True;;;14/07/2025 00:00;barroscaio;;;5521951856426;wnovais@example.net
225;Dr. Arthur Cunha;495.036.782-00;M;13/10/1984;1;;True;;;12/03/2025 00:00;natalia64;;;5571969728462;mirella31@example.org
226;Cecília Cavalcante;19.267.850/0001-89;F;25/07/1982;1;;False;;;16/02/2025 00:00;manuella05;;;5521915444622;lucas-gabrielramos@example.net
227;Lavínia Rezende;84.136.725/0001-00;F;17/08/1960;2;;False;;;20/05/2025 00:00;brayanda-mota;;;5531936533440;ravycavalcanti@example.net
228;Catarina da Cruz;59.842.137/0001-36;F;13/12/1958;2;;True;;;18/09/2025 00:00;das-neveshadassa;;;5531923967288;guerrabeatriz@example.net
229;Luiza Jesus;36.189.045/0001-01;F;30/09/1973;1;;True;;;04/01/2025 00:00;emanuel07;;;5584919137677;camila66@example.com
230;Rodrigo Dias;780.912.653-95;M;20/07/1984;2;;False;;;14/08/2025 00:00;mendoncamanuela;;;5551935449398;fcastro@example.net
231;Dr. Bernardo da Cunha;053.867.241-26;M;23/11/1973;2;;True;;;23/08/2025 00:00;raquel15;;;5531943070411;da-pazmarcos-vinicius@example.org
232;Levi Souza;659.837.214-37;M;27/03/1959;2;;False;;;09/03/2025 00:00;kcostela;;;5584976458620;thales20@example.org
233;Guilherme Monteiro;729.645.801-11;M;09/10/1977;1;;True;;;27/02/2025 00:00;cda-mata;;;5521917701292;udias@example.com
234;Clarice Cunha;54.271.630/0001-20;F;20/10/1997;2;;True;;;10/04/2025 00:00;uleao;;;5561916204847;ramosleticia@example.com
235;João Felipe Porto;486.325.709-00;M;06/11/1979;1;;False;;;14/02/2025 00:00;rcasa-grande;;;5581941004951;luiz-gustavo88@example.com
236;Murilo Aparecida;361.094.857-48;M;28/12/1992;1;;False;;;21/05/2025 00:00;silveiraluisa;;;5581937509749;heloisarezende@example.com
237;Milena Costa;42.697.138/0001-31;F;06/04/2006;2;;False;;;10/07/2025 00:00;samaite;;;5581996137573;tcassiano@example.org
238;Dr. Matteo Correia;743.189.652-28;M;13/08/1971;1;;True;;;17/08/2025 00:00;apollodias;;;5551907688524;bcavalcante@example.net
239;Isabella da Cunha;37.810.294/0001-27;F;14/03/2000;2;;False;;;21/07/2025 00:00;macedojade;;;5571927250722;cfarias@example.org
240;José Pedro Pires;581.492.730-50;M;29/09/1971;2;;True;;;28/05/2025 00:00;fcosta;;;5511955597090;milena84@example.org
241;João Guilherme Cavalcanti;567.032.489-74;M;11/04/1963;1;;True;;;21/07/2025 00:00;eloa50;;;5541900074923;ryan86@example.com
242;Ana Julia Leão;48.159.062/0001-77;F;03/09/2005;2;;True;;;11/08/2025 00:00;moraesana-beatriz;;;5531947124957;jose-pedro18@example.net
243;Dr. Josué Ribeiro;943.612.875-46;M;27/06/1991;2;;True;;;26/04/2025 00:00;moreiracarlos-eduardo;;;5561973679506;gabriel77@example.org
244;Ana Sophia Pimenta;19.054.627/0001-53;F;08/09/1970;1;;True;;;02/09/2025 00:00;gmendes;;;5561989992123;talves@example.net
245;Carlos Eduardo Alves;096.857.213-86;M;29/09/1992;2;;True;;;01/01/2025 00:00;piresbrenda;;;5521944073718;qribeiro@example.net
246;Srta. Gabriela Macedo;19.832.756/0001-25;F;15/07/1989;1;;True;;;21/03/2025 00:00;beatriz34;;;5561918722992;jose-pedro59@example.com
247;Dr. Arthur Miguel da Conceição;685.734.129-09;M;29/05/1965;2;;True;;;14/03/2025 00:00;davi-lucca26;;;5551996246686;bpires@example.net
248;Maria Cecília Gomes;27.015.496/0001-23;F;05/09/1958;1;;True;;;01/06/2025 00:00;cauesales;;;5511903788464;helena13@example.com
249;Maria Júlia Barros;79.406.815/0001-25;F;12/08/2004;1;;True;;;02/10/2025 00:00;leticialeao;;;5531922324876;sampaioantonio@example.org
250;Thomas Nunes;180.573.269-21;M;05/08/1982;2;;True;;;08/08/2025 00:00;ulopes;;;5511955213174;cirinopietro@example.org
